=== 2026-10-07 10:56:07  skipped  Documentation Coordinator - Audit Management @ convatec
url: https://convatec.wd1.myworkdayjobs.com/convatec/job/Centennial---Colorado-US/Documentation-Coordinator---Audit-Management_JR00021657/apply/applyManually
stage: Application Questions
why: can't truthfully answer required: With specific reference to the job description, do you have ; With specific reference to the job description, do you have ; With specific reference to the job description, do you have ; With specific reference to the job description, do you have 
  [link] Skip to main content {accessibilitySkipToMainContent}
  [link]  {logoLink}
# Forever Caring
  [button] English #languageSelectorButton {utilityMenuButton}
  [button] Settings #settingsSelectorButton {utilityMenuButton}
  [button] <email> {utilityMenuButton} opens-true
  [button] Search for Jobs {navigationItem-Search for Jobs}
  [button] Candidate Home {navigationItem-Candidate Home}
{applyFlowPage}
  [button] Back to Job Posting {backToJobPosting}
# Documentation Coordinator - Audit Management
label: completed step 1 of 6
label: My Information
label: completed step 2 of 6
label: My Experience
{progressBarActiveStep} current step 3 of 6 Application Questions
label: current step 3 of 6
label: Application Questions
label: step 4 of 6
label: Voluntary Disclosures
label: step 5 of 6
label: Self Identify
label: step 6 of 6
label: Review
# Application Questions
{applyFlowPrimaryQuestionsPage}
 {formField-9a06e5a1bb06015fbb336717d6449857}
label: With specific reference to the requirements listed in the education section of the job description, do you mee
  [dropdown] nothing chosen #primaryQuestionnaire--9a06e5a1bb06015fbb336717d6449857
 {formField-9a06e5a1bb0601e595656717d6449a57}
label: If specified in the job description, do you meet the location based requirements for this role?*
  [dropdown] nothing chosen #primaryQuestionnaire--9a06e5a1bb0601e595656717d6449a57
 {formField-9a06e5a1bb0601e9576f6717d6449d57}
label: Do you hold a valid driver's license?*
  [dropdown] nothing chosen #primaryQuestionnaire--9a06e5a1bb0601e9576f6717d6449d57
 {formField-9a06e5a1bb06019871736717d6449e57}
label: With specific reference to the job description, do you have the minimum required number of years of experience
  [dropdown] nothing chosen #primaryQuestionnaire--9a06e5a1bb06019871736717d6449e57
 {formField-9a06e5a1bb0601c1e7796717d644a057}
label: With specific reference to the job description, do you have the required level of experience assigned under th
  [dropdown] nothing chosen #primaryQuestionnaire--9a06e5a1bb0601c1e7796717d644a057
 {formField-9a06e5a1bb0601330c926717d644a257}
  [dropdown] nothing chosen #primaryQuestionnaire--9a06e5a1bb0601330c926717d644a257
 {formField-9a06e5a1bb06014f77996717d644a457}
  [dropdown] nothing chosen #primaryQuestionnaire--9a06e5a1bb06014f77996717d644a457
  [button] Back {pageFooterBackButton}
  [button] Save and Continue {pageFooterNextButton}
# Follow Us
  [link]  {socialIcon}
  text: © 2026 Workday, Inc. All rights reserved.

=== 2026-10-07 10:57:13  skipped  Data Systems Analyst @ pinebridge
url: https://pinebridge.wd5.myworkdayjobs.com/pinebridge_career_site/job/New-York/Data-Systems-Analyst_R-02095/apply/applyManually
stage: Application Questions
why: can't truthfully answer required: Declaration of politically exposed person ("PEP") status To ; I acknowledge that, if extending an offer, PineBridge may sh; Are you a citizen of the country where this job is located?*; Have you applied to any position(s) at PineBridge in the las
  [link] Skip to main content {accessibilitySkipToMainContent}
# PineBridge Investments
  [button] Sign In {utilityButtonSignIn}
  [button] Search for Jobs {navigationItem-Search for Jobs}
{applyFlowPage}
  [button] Back to Job Posting {backToJobPosting}
# Data Systems Analyst
label: completed step 1 of 5
label: My Information
label: completed step 2 of 5
label: My Experience
{progressBarActiveStep} current step 3 of 5 Application Questions
label: current step 3 of 5
label: Application Questions
label: step 4 of 5
label: Voluntary Disclosures
label: step 5 of 5
label: Review
# Application Questions
{applyFlowPrimaryQuestionsPage}
 {formField-98314caf892c100134d3bdd3acaa0001}
label: Are you a citizen of the country where this job is located?*
  [dropdown] nothing chosen #primaryQuestionnaire--98314caf892c100134d3bdd3acaa0001
 {formField-98314caf892c100134d3be6d2b950003}
label: Have you applied to any position(s) at PineBridge in the last six months?*
  [dropdown] nothing chosen #primaryQuestionnaire--98314caf892c100134d3be6d2b950003
 {formField-98314caf892c100134d3be6d2b950006}
label: Have you or a family member ever been employed by PineBridge?*
  [dropdown] nothing chosen #primaryQuestionnaire--98314caf892c100134d3be6d2b950006
 {formField-98314caf892c100134d3be6d2b95000a}
label: Have you ever been employed by a government agency or public pension plan?*
  [dropdown] nothing chosen #primaryQuestionnaire--98314caf892c100134d3be6d2b95000a
 {formField-98314caf892c100134d3bf06a96a0003}
label: Are you subject to any restrictive covenant, such as a non-compete or a non-solicitation, with current or form
  [dropdown] nothing chosen #primaryQuestionnaire--98314caf892c100134d3bf06a96a0003
 {formField-98314caf892c100134d3bf06a96a0006}
label: Branch of Military Service - include dates, rank, and specialty.
  <textarea #primaryQuestionnaire--98314caf892c100134d3bf06a96a0006 empty>
 {formField-98314caf892c100134d3bf06a96a0007}
label: Please list any professional licenses below including: Name of Institute, e.g. CFA Institute Qualification Att
  text: Please list any professional licenses below including:
  text: Name of Institute, e.g. CFA Institute
  text: Qualification Attained, e.g. chartered holder
  <textarea #primaryQuestionnaire--98314caf892c100134d3bf06a96a0007 empty>
 {formField-98314caf892c100134d3bf06a96a0008}
label: Have you ever been disciplined or fined by any regulatory body or stock exchange?*
  [dropdown] nothing chosen #primaryQuestionnaire--98314caf892c100134d3bf06a96a0008
 {formField-98314caf892c100134d3bfa03fa40003}
label: I am NOT an employee, consultant, board member, partner, officer, director, owner, proprietor, or trustee of a
  text: current value is MM/DD/YYYY
  <input #primaryQuestionnaire--98314caf892c100134d3bfa03fa40003-dateS {dateSectionMonth-input} empty>
  <input #primaryQuestionnaire--98314caf892c100134d3bfa03fa40003-dateS {dateSectionDay-input} empty>
  <input #primaryQuestionnaire--98314caf892c100134d3bfa03fa40003-dateS {dateSectionYear-input} empty>
  [button]  {dateIcon}
 {formField-98314caf892c100134d3bfa03fa40004}
label: Have you, in the past two (2) years: 1. Made (or solicited others to make) any political contributions (includ
  [dropdown] nothing chosen #primaryQuestionnaire--98314caf892c100134d3bfa03fa40004
 {formField-98314caf892c100134d3bfa03fa40005}
label: Have you, in the past two (2) years: 2. Compensated (or coordinated or solicited) any third party (such as a p
  [dropdown] nothing chosen #primaryQuestionnaire--98314caf892c100134d3bfa03fa40005
 {formField-98314caf892c100134d3bfa03fa40006}
label: Declaration of politically exposed person ("PEP") status To the best of my knowledge, I or any of my relatives
  text: Declaration of politically exposed person ("PEP") status
  text: To the best of my knowledge, I or any of my relatives (including father, mother, husband, wife, domestic partner, son, daughter, brother, si
  text: “high-ranking” senior persons
  <textarea #primaryQuestionnaire--98314caf892c100134d3bfa03fa40006 required empty>
 {formField-98314caf892c100134d3bfa03fa40007}
label: I acknowledge that, if extending an offer, PineBridge may share information such as my first and last name, ph
  <input #primaryQuestionnaire--98314caf892c100134d3bfa03fa40007-dateS {dateSectionMonth-input} empty>
  <input #primaryQuestionnaire--98314caf892c100134d3bfa03fa40007-dateS {dateSectionDay-input} empty>
  <input #primaryQuestionnaire--98314caf892c100134d3bfa03fa40007-dateS {dateSectionYear-input} empty>
  [button]  {dateIcon}
  [button] Back {pageFooterBackButton}
  [button] Next {pageFooterNextButton}
  text: © 2026 Workday, Inc. All rights reserved.

=== 2026-10-07 10:57:29  skipped  Balance Sheet Strategy Analyst @ pathwardcareerfair
url: https://job-boards.greenhouse.io/pathwardcareerfair/jobs/6196320004
stage: page 1
why: can't truthfully answer required: Will you now or in the future require Pathward to sponsor yo; Have you informed your current manager about applying to thi; We are excited to learn more about you! Please share what in
# Balance Sheet Strategy Analyst
  [button] Apply
  text: Join Pathward and Empower Your Future!
  text: We are a hybrid, remote-office company dedicated to growing talent from anywhere!
  text: The Balance Sheet Strategy Analyst designs and maintains the financial models, data workflows, dashboards, and reporting used to support the
  text: This is an analytics and solution-development role rather than a process-management position. The analyst will use Excel, Power BI, SQL, Mat
  text: Own and enhance the models, dashboards, and data workflows supporting loan portfolio strategy; build financial models comparing hold, sell, 
  text: Analyze pricing, expected sale proceeds, gain or loss on sale, retained economics, funding-cost savings, capital impacts, and future revenue
  text: Develop valuation, cash flow, profitability, balance sheet forecasting, and scenario models incorporating rates, credit performance, prepaym
  text: Develop ROA and balance sheet optimization models for historical portfolio performance and new business origination, incorporating asset yie
  text: Identify and evaluate loans and portfolios for potential sale based on economics, strategic fit, concentration, and balance sheet usage.
  text: Support the loan-sale lifecycle through portfolio stratifications, valuation, bid comparisons, transaction recommendations, forecasts, and p
  text: Build Power BI data models and dashboards and use SQL, Matillion, or comparable tools to integrate data, automate recurring analysis, and im
  text: Define data capture, reporting, and governance requirements for off-balance-sheet activities, including fields needed to monitor sold, parti
  text: Establish validation, reconciliation, change-control, and documentation standards for models and recurring analytical outputs; maintain orga
  text: Track transactions against assumptions, translate results and investor feedback into recommendations, and present findings to management and
  text: Bachelor's degree in finance, accounting, economics, business or data analytics, information systems, mathematics, or a related field.
  text: Two to five years of experience in banking, commercial lending, treasury, capital markets, portfolio analytics, FP&A, or transaction advisor
  text: Strong financial modeling skills, including valuation, cash flow analysis, forecasting, and scenario analysis; advanced Excel proficiency re
  text: Experience developing Power BI data models and dashboards and working with large loan-level or financial datasets; working knowledge of SQL 
  text: Experience with Matillion, Alteryx, Azure Data Factory, dbt, Informatica, or another data-integration platform preferred; SharePoint experie
  text: Ability to independently structure complex analytical problems and communicate clear recommendations to technical and nontechnical stakehold
  text: Forecasting and balance sheet optimization
  text: The responsibilities listed above are not all inclusive and may be changed at any time.
  text: Salary range: $86,000 – $145,000
  text: Don’t have everything listed under qualifications? If you’re excited about this role but your
  text: experiences don’t match exactly to everything in the posting, we encourage you to apply
  text: anyway. You may be just the right candidate for this or other Pathward roles. Pathward is
  text: an equal employment opportunity employer and considers candidates for roles without regard
  text: to their race, sex, national origin, ethnicity, age, disability or any other category protected by
  text: Our commitment to inclusion is woven into our DNA. We believe that we are strongest when we embrace the voices of our employees, customers, 
  text: We provide equal employment opportunities (EEO) to all employees and applicants for employment without regard to race, color, ethnicity, rel
  text: Applications will be accepted for a minimum of 3 days after posting, and there is no predetermined date by which applications should be subm
# Knowingly submitting false information will result in disqualification for consideration of future positions, 
# Candidate Scam Warning
  text: https://www.pathward.com/about-us/people-culture/careers/
  text: Interested in building your career at Pathward, Career Fairs ? Get future opportunities sent straight to your email.
# Apply for this job
  text: indicates a required field
  [button] Autofill my application
label: First Name*
  <input:text #first_name required empty>
label: Last Name*
  <input:text #last_name required empty>
label: Preferred First Name
  <input:text #preferred_name empty>
label: Email*
  <input:text #email required empty>
label: Phone
label: Country
  <input:text #country empty>
  [button] 
  <input:tel #phone empty>
  [button] Attach
label: Attach
  <input:file #resume no-file>
  [button] Dropbox
  [button] Google Drive
  [button] Enter manually
label: Enter manually
  text: Accepted file types: pdf, doc, docx, txt, rtf
  [button] Attach
  <input:file #cover_letter no-file>
  [button] Dropbox
  [button] Google Drive
  [button] Enter manually
label: LinkedIn Profile
  <input:text #question_20014923004 empty>
label: Website
  <input:text #question_20014924004 empty>
label: Address*
  <input:text #question_20014925004 required empty>
label: City*
  <input:text #question_20014926004 required empty>
label: State*
  <input:text #question_20014927004 required empty>
  [button] 
  <input required empty>
label: Zip Code*
  <input:text #question_20014928004 required empty>
label: Are you authorized to work in the United States?*
  <input:text #question_20014929004 required empty>
  [button] 
  <input required empty>
label: Will you now or in the future require Pathward to sponsor you for an employment-based visa or participate in a
  <input:text #question_20014930004 required empty>
  [button] 
  <input required empty>
label: Have you informed your current manager about applying to this role?*
  <input:text #question_20014931004 required empty>
  [button] 
  <input required empty>
  <input:text #question_20014932004 empty>
label: Please provide your LinkedIn profile
  <input:text #question_20014933004 empty>
label: Please indicate your minimum salary requirements. If this job does not meet your minimum salary requirements, 
  <input:text #question_20014934004 required empty>
label: We are excited to learn more about you! Please share what initially sparked your interest in this role and how
  <textarea #question_20014935004 required empty>
  [button] Submit application
<iframe https://www.recaptcha.net/recaptcha/enterprise/anchor>

=== 2026-10-07 10:58:17  skipped  Analyst Program - Real Estate Debt @ barings
url: https://barings.wd1.myworkdayjobs.com/barings/job/New-York-NY-United-States/Analyst-Program---Real-Estate-Debt_JR_006669-1/apply/applyManually
stage: Application Questions
why: can't truthfully answer required: What is your current class/grade level?*; Please indicate if you are currently or have formerly been r; Do you have a financial, business relationship, or affiliati; I was employed by the Company’s outside audit firm in the pa
  [link] Skip to main content {accessibilitySkipToMainContent}
  [link]  {logoLink}
# Explore Your Future
  [button] English #languageSelectorButton {utilityMenuButton}
  [button] Settings #settingsSelectorButton {utilityMenuButton}
  [button] <email> {utilityMenuButton} opens-true
  [button] Search for Jobs {navigationItem-Search for Jobs}
  [button] Candidate Home {navigationItem-Candidate Home}
{applyFlowPage}
  [button] Back to Job Posting {backToJobPosting}
# Analyst Program - Real Estate Debt
label: completed step 1 of 5
label: My Information
label: completed step 2 of 5
label: My Experience
{progressBarActiveStep} current step 3 of 5 Application Questions
label: current step 3 of 5
label: Application Questions
label: step 4 of 5
label: Voluntary Disclosures
label: step 5 of 5
label: Review
# Application Questions
{applyFlowPrimaryQuestionsPage}
  text: BY SUBMITTING MY APPLICATION, I AFFIRM AND AGREE TO THE FOLLOWING:
  text: Note: It is unlawful in Massachusetts and some other states to require or administer a lie detector test as a condition of employment or con
  text: Barings is an equal opportunity employer. Applicants are considered and employees are treated during employment without regard to age, race,
 {formField-9ea7ee0d009d1001b1d83a40316e0000}
label: Are you at least 18 years of age?*
  [dropdown] nothing chosen #primaryQuestionnaire--9ea7ee0d009d1001b1d83a40316e0000
 {formField-9ea7ee0d009d1001b1d83a40316e0003}
label: Are you legally authorized to work in the country for the job you applied for?*
  [dropdown] nothing chosen #primaryQuestionnaire--9ea7ee0d009d1001b1d83a40316e0003
 {formField-9ea7ee0d009d1001b1d83a40316e0006}
label: Will you require sponsorship for employment in the future?*
  [dropdown] nothing chosen #primaryQuestionnaire--9ea7ee0d009d1001b1d83a40316e0006
 {formField-9ea7ee0d009d1001b1d83ad9cb540002}
label: Have you ever worked or attended school under a different name? If yes, what was that name?*
  <textarea #primaryQuestionnaire--9ea7ee0d009d1001b1d83ad9cb540002 required empty>
 {formField-9ea7ee0d009d1001b1d83ad9cb540003}
label: Are you a former employee of Barings, MassMutual or Connecticut Mutual, or affiliate?*
  [dropdown] nothing chosen #primaryQuestionnaire--9ea7ee0d009d1001b1d83ad9cb540003
 {formField-9ea7ee0d009d1001b1d83ad9cb540006}
label: What is your current GPA?*
  <textarea #primaryQuestionnaire--9ea7ee0d009d1001b1d83ad9cb540006 required empty>
 {formField-9ea7ee0d009d1001b1d83ad9cb540007}
label: What is the name of your college?*
  <textarea #primaryQuestionnaire--9ea7ee0d009d1001b1d83ad9cb540007 required empty>
 {formField-9ea7ee0d009d1001b1d83ad9cb540008}
label: What is your anticipated graduation date?*
  text: current value is MM/DD/YYYY
  <input #primaryQuestionnaire--9ea7ee0d009d1001b1d83ad9cb540008-dateS {dateSectionMonth-input} empty>
  <input #primaryQuestionnaire--9ea7ee0d009d1001b1d83ad9cb540008-dateS {dateSectionDay-input} empty>
  <input #primaryQuestionnaire--9ea7ee0d009d1001b1d83ad9cb540008-dateS {dateSectionYear-input} empty>
  [button]  {dateIcon}
 {formField-9ea7ee0d009d1001b1d83ad9cb540009}
label: What is your current class/grade level?*
  [dropdown] nothing chosen #primaryQuestionnaire--9ea7ee0d009d1001b1d83ad9cb540009
 {formField-9ea7ee0d009d1001b1d83b7395030006}
label: The Company’s anti-nepotism policy restricts the hiring of family members of an employee in certain situations
  [dropdown] nothing chosen #primaryQuestionnaire--9ea7ee0d009d1001b1d83b7395030006
 {formField-9ea7ee0d009d1001b1d83b7395030009}
label: Disclosure of previous relationships as authorized by the Dodd-Frank bill: Within the past 12 months have you 
  text: Disclosure of previous relationships as authorized by the Dodd-Frank bill:
  [dropdown] nothing chosen #primaryQuestionnaire--9ea7ee0d009d1001b1d83b7395030009
 {formField-9ea7ee0d009d1001b1d83c0d1dc00003}
label: Barings and its employees are restricted by the SEC from making certain Political Contributions. In the past 7
  text: official/candidate/political
  [dropdown] nothing chosen #primaryQuestionnaire--9ea7ee0d009d1001b1d83c0d1dc00003
 {formField-9ea7ee0d009d1001b1d83c0d1dc00006}
label: Please indicate if you are currently or have formerly been registered with a Broker/Dealer. If you have been r
  [dropdown] nothing chosen #primaryQuestionnaire--9ea7ee0d009d1001b1d83c0d1dc00006
 {formField-9ea7ee0d009d1001b1d83ca6dc090001}
label: Are you subject to any restrictive covenant, confidentiality agreement, non-disclosure agreement, non-solicita
  [dropdown] nothing chosen #primaryQuestionnaire--9ea7ee0d009d1001b1d83ca6dc090001
 {formField-9ea7ee0d009d1001b1d83ca6dc090005}
label: Have you or a close family member which includes but is not limited to: partner, spouse, sibling, parent-in-la
  [dropdown] nothing chosen #primaryQuestionnaire--9ea7ee0d009d1001b1d83ca6dc090005
 {formField-9ea7ee0d009d1001b1d83d4090df0001}
label: Do you have a "close personal relationship" (any relationship with a team member that can be construed as othe
  [dropdown] nothing chosen #primaryQuestionnaire--9ea7ee0d009d1001b1d83d4090df0001
 {formField-9ea7ee0d009d1001b1d83d4090df0004}
label: Do you have a financial, business relationship, or affiliation with KPMG or its members (partners, managers)?*
  [dropdown] nothing chosen #primaryQuestionnaire--9ea7ee0d009d1001b1d83d4090df0004
 {formField-9ea7ee0d009d1001b1d83d4090df0007}
label: I was employed by the Company’s outside audit firm in the past three years.*
  [dropdown] nothing chosen #primaryQuestionnaire--9ea7ee0d009d1001b1d83d4090df0007
  [button] Back {pageFooterBackButton}
  [button] Save and Continue {pageFooterNextButton}
# Follow Us
  [link]  {socialIcon}
  [link]  {socialIcon}
  [link] Global Job Applicant Privacy Notice {privacyLink}
  text: © 2026 Workday, Inc. All rights reserved.

=== 2026-10-07 10:58:54  skipped  Associate Product Engineer @ mjh-life-sciences
url: https://mjhlifesciences.wd1.myworkdayjobs.com/Careers/job/United-States/Associate-Product-Engineer_JR102409-1/apply/applyManually
stage: Application Questions
why: can't truthfully answer required: If hired, when would you be able to start?*
  [link] Skip to main content {accessibilitySkipToMainContent}
  [link]  {logoLink}
# MJH Careers
  [button] Settings #settingsSelectorButton {utilityMenuButton}
  [button] <email> {utilityMenuButton} opens-true
  [button] Home {navigationItem-Home}
  [button] Search for Jobs {navigationItem-Search for Jobs}
  [button] Candidate Home {navigationItem-Candidate Home}
  [button] Job Alerts {navigationItem-Job Alerts}
{applyFlowPage}
  [button] Back to Job Posting {backToJobPosting}
# Associate Product Engineer
label: completed step 1 of 6
label: My Information
label: completed step 2 of 6
label: My Experience
{progressBarActiveStep} current step 3 of 6 Application Questions
label: current step 3 of 6
label: Application Questions
label: step 4 of 6
label: Voluntary Disclosures
label: step 5 of 6
label: Self Identify
label: step 6 of 6
label: Review
# Application Questions
{applyFlowPrimaryQuestionsPage}
  text: Please answer questions truthfully and completely.
 {formField-a837ec63fd3201376569b828e80112a4}
label: Are you legally authorized to work in the US for any employer?*
  [dropdown] nothing chosen #primaryQuestionnaire--a837ec63fd3201376569b828e80112a4
 {formField-a837ec63fd320140588db828e80115a4}
label: Will you need sponsorship in the future to work in the US?*
  [dropdown] nothing chosen #primaryQuestionnaire--a837ec63fd320140588db828e80115a4
 {formField-a837ec63fd320169d5f6b828e80118a4}
label: Are you over the age of 18?*
  [dropdown] nothing chosen #primaryQuestionnaire--a837ec63fd320169d5f6b828e80118a4
 {formField-a837ec63fd3201f42a1ab928e8011ba4}
label: Are you currently employed?*
  [dropdown] nothing chosen #primaryQuestionnaire--a837ec63fd3201f42a1ab928e8011ba4
 {formField-a837ec63fd3201441138b928e8011ea4}
label: Have you ever interviewed with our company before?*
  [dropdown] nothing chosen #primaryQuestionnaire--a837ec63fd3201441138b928e8011ea4
 {formField-a837ec63fd3201596875b928e80121a4}
label: Are you willing to relocate if hired?*
  [dropdown] nothing chosen #primaryQuestionnaire--a837ec63fd3201596875b928e80121a4
 {formField-a837ec63fd3201f9cd95b928e80124a4}
label: What are your base salary expectations?*
  <input:text #primaryQuestionnaire--a837ec63fd3201f9cd95b928e80124a4 required empty>
 {formField-a837ec63fd3201e5a1a1b928e80125a4}
label: If hired, when would you be able to start?*
  <textarea #primaryQuestionnaire--a837ec63fd3201e5a1a1b928e80125a4 required empty>
 {formField-a837ec63fd320183cec8b928e80126a4}
label: If hired, would you be willing to submit a background check?*
  [dropdown] nothing chosen #primaryQuestionnaire--a837ec63fd320183cec8b928e80126a4
  [button] Back {pageFooterBackButton}
  [button] Save and Continue {pageFooterNextButton}
# Follow Us
  [link]  {socialIcon}
  [link] Privacy Policy {privacyLink}
  text: © 2026 Workday, Inc. All rights reserved.

=== 2026-10-07 10:59:59  skipped  Corporate Finance, FP&A - Associate @ icapitalnetwork
url: https://job-boards.greenhouse.io/icapitalnetwork/jobs/8576018002
stage: page 1
why: can't truthfully answer required: What is your desired bonus expectation? Please specify the a; What forms of deferred compensation do you currently have (e
# Corporate Finance, FP&A - Associate
  text: New York, New York, United States
  [button] Apply
  text: iCapital is looking to hire a Financial Planning and Analysis (FP&A) Associate to join the Corporate Finance team. This role will involve la
  text: Support the budgeting and forecasting of the firm’s consolidated key financial performance indicators, with emphasis on revenue, volume acti
  text: Assist in preparation of the company’s annual budget process across key financial performance indicators, volume-based inputs and activity a
  text: Develop key financial and performance metrics dashboards with detailed analytics for the Management Committee, Board of Directors, and Busin
  text: Identify and assess key opportunities to enhance the current reporting structure and develop new approaches to evaluate business performance
  text: Partner with line of business FP&A teams and sales to develop monthly analysis and insights into variances between budget vs. actual results
  text: Perform sales analytics to support the business development and growth of the firm globally.
  text: Support the end-to-end preparation of monthly management and quarterly board reporting packages, including consolidation of financial statem
  text: Identify and remediate process gaps and implement effective internal controls; improve documentation of internal control processes.
  text: Assist in completing special projects as needed, such as implementation of new software, platform reporting automation, and financial planni
  text: 2-5 years of FP&A, corporate finance, management consulting or accounting experience within the financial services industry and/or FP&A expe
  text: Familiarity with Private Market Investments such as Private Equity, Hedge Funds, Structured Investments is preferred, but not required
  text: Preference for candidates with experience in planning and ERP tools such as Workday Adaptive Planning, Anaplan, Tableau, etc. Oracle NetSuit
  text: Able to work with business, sales and department leads on business performance including budgeting, forecasting and advanced analysis
  text: Advanced degree and/or credentials desired, such as MBA, CPA, CFA
  text: Advanced skills in Excel and PowerPoint
  text: Strong organizational, planning, quantitative modeling, and problem-solving skills; strategic and creative thinking
  text: Able to manage large sets of data and implement checks and balances
  text: Excellent verbal and written communication skills
  text: Detailed oriented with big picture capability
  text: The base salary range for this role is $85,000 to $115,000. iCapital offers a compensation package which includes salary, equity for all ful
  text: We believe the best ideas and innovation happen when we are together. Employees in this role will work in the office Monday-Thursday, with t
  text: https://www.icapitalnetwork.com/about-us
  text: https://www.linkedin.com/company/icapital-network-inc
  text: https://www.icapitalnetwork.com/about-us/recognition/
  text: iCapital is proud to be an Equal Employment Opportunity and Affirmative Action employer. We do not discriminate based upon race, religion, c
  text: Interested in building your career at iCapital? Get future opportunities sent straight to your email.
# Apply for this job
  text: indicates a required field
  [button] Autofill my application
label: First Name*
  <input:text #first_name required empty>
label: Last Name*
  <input:text #last_name required empty>
label: Preferred First Name*
  <input:text #preferred_name required empty>
label: Email*
  <input:text #email required empty>
label: Phone
label: Country*
  <input:text #country required empty>
  [button] 
  <input required empty>
  <input:tel #phone required empty>
label: Location (City)*
  <input:text #candidate-location required empty>
  <input required empty>
  [button] Locate me
  [button] Attach
label: Attach
  <input:file #resume no-file>
  [button] Enter manually
label: Enter manually
  text: Accepted file types: pdf, doc, docx, txt, rtf
  [button] Attach
  <input:file #cover_letter no-file>
  [button] Enter manually
label: School
  <input:text #school--0 empty>
  [button] 
  [button] Add another
label: Are you legally eligible to work in the country where this role is located?*
  <input:text #question_36793866002 required empty>
  [button] 
  <input required empty>
label: Do you currently require any type of visa sponsorship for employment?*
  <input:text #question_36793867002 required empty>
  [button] 
  <input required empty>
label: Do you require any type of visa sponsorship for employment in the future (i.e. student visa transfer to H1B, e
  <input:text #question_36793868002 required empty>
  [button] 
  <input required empty>
label: What is your desired base salary expectation? Please specify the amount and currency.*
  <input:text #question_36793869002 required empty>
  text: This applies to full time roles only.
label: What is your desired total annual compensation when considering an equity award? Please specify the amount and
  <input:text #question_36793870002 required empty>
label: Are you subject to any form of Garden Leave or a Non-Compete Agreement? If yes, please provide detail below.*
  <input:text #question_36793871002 required empty>
label: iCapital is an office-first culture, as such all employees are required to work in the office Monday-Thursday,
  <input:checkbox #question_36793872002[]_243344064002 required question-unanswered>
label: Boca Raton, FL
  <input:checkbox #question_36793872002[]_243344065002 required question-unanswered>
label: Boston, MA
  <input:checkbox #question_36793872002[]_244025087002 required question-unanswered>
label: Colorado Springs, CO
  <input:checkbox #question_36793872002[]_255045592002 required question-unanswered>
label: Des Moines, IA
  <input:checkbox #question_36793872002[]_243344066002 required question-unanswered>
label: Greenwich, CT
  <input:checkbox #question_36793872002[]_243344067002 required question-unanswered>
label: Jacksonville, FL
  <input:checkbox #question_36793872002[]_243344068002 required question-unanswered>
label: Miami, FL
  <input:checkbox #question_36793872002[]_243344069002 required question-unanswered>
label: New York, NY
  <input:checkbox #question_36793872002[]_243344070002 required question-unanswered>
label: Princeton, NJ
  <input:checkbox #question_36793872002[]_243344071002 required question-unanswered>
label: Salt Lake City, UT
  <input:checkbox #question_36793872002[]_243344072002 required question-unanswered>
label: Stamford, CT
  text: This only applies to U.S. based roles.
label: How did you hear about this job?*
  <input:text #question_36793873002 required empty>
  [button] 
  <input required empty>
label: If "Employee Referral" was selected for "How did you hear about this job?" please type the full name of the re
  <input:text #question_36793874002 required empty>
label: What is your full legal name?*
  <input:text #question_36793875002 require

=== 2026-10-07 11:01:40  unconfirmed  Forward Deployed Analyst @ clipboard
url: https://jobs.ashbyhq.com/clipboard/860d0f13-2d27-44ed-a555-4e31e175da80/application
stage: page 1
why: no confirmation after submit; page errors: ["We couldn't submit your application\n\nYour application submission was flagged as "]; server said: POST https://d26cbf5814e1d06617a77c6635007874.seondnsresolve.com/ -> 200; POST https://www.recaptcha.net/recaptcha/api2/clr -> 200; POST https://jobs.ashbyhq.com/api/non-user-graphql -> 200; page ends: 'till blocked? Wait a few minutes and retry. As a last
# Forward Deployed Analyst
# Location
# Employment Type
# Location Type
# Department
# Compensation
  text: Each candidate's compensation offer within this range will be based on multiple factors, including but not limited to relevant education, qu
! We couldn't submit your application Your application submission was flagged as possible spam. If you believe this was a mistake, please submit your application again.
# Try these steps
  text: Legitimate applications are occasionally flagged by mistake. Try these in order:
  text: Turn off your VPN or proxy
  text: Use your regular network connection instead.
  text: Temporarily pause ad blockers and privacy tools.
  text: Try another browser or device
  text: Make sure the browser is up to date.
  text: Mobile data often works better than public Wi-Fi.
  text: Wait a few minutes and retry. As a last resort, enable JavaScript if it’s disabled, or clear this site’s cookies and cache in your browser s

=== 2026-10-07 11:03:39  skipped  Debt Analyst, Hotels - Capital Markets @ jll
url: https://jll.wd1.myworkdayjobs.com/jllcareers/job/Denver-CO/Debt-Analyst--Hotels---Capital-Markets_REQ533034-1/apply/applyManually
stage: Application Questions
why: can't truthfully answer required: We would love to keep you in mind for future roles that may 
  [link] Skip to main content {accessibilitySkipToMainContent}
  [link]  {logoLink}
  [button] English #languageSelectorButton {utilityMenuButton}
  [button] Sign In {utilityButtonSignIn}
  [button] Search for Jobs {navigationItem-Search for Jobs}
{applyFlowPage}
  [button] Back to Job Posting {backToJobPosting}
# Debt Analyst, Hotels - Capital Markets
label: completed step 1 of 5
label: My Information
label: completed step 2 of 5
label: My Experience
{progressBarActiveStep} current step 3 of 5 Application Questions
label: current step 3 of 5
label: Application Questions
label: step 4 of 5
label: Voluntary Disclosures
label: step 5 of 5
label: Review
# Application Questions
{applyFlowPrimaryQuestionsPage}
  text: I hereby certify that all information provided in this application is accurate to the best of my knowledge. I understand that any false, mis
  text: It is unlawful in Massachusetts to require or administer a lie detector test as a condition of employment or continued employment. An employ
 {formField-e11bfdb7a39010157e50ed5bb3c50001}
label: Are you legally authorized to work in the country in which you are applying?*
  [dropdown] nothing chosen #primaryQuestionnaire--e11bfdb7a39010157e50ed5bb3c50001
 {formField-e11bfdb7a39010157e50edf66a6f0001}
label: Will you now or in the future need sponsorship to work in the country in which you are applying?*
  [dropdown] nothing chosen #primaryQuestionnaire--e11bfdb7a39010157e50edf66a6f0001
 {formField-e11bfdb7a39010157e50edf66a6f0004}
label: Are you 18 years of age or older?*
  [dropdown] nothing chosen #primaryQuestionnaire--e11bfdb7a39010157e50edf66a6f0004
 {formField-e11bfdb7a39010157e50edf66a6f0007}
label: Current Salary Expectations:*
  <textarea #primaryQuestionnaire--e11bfdb7a39010157e50edf66a6f0007 required empty>
 {formField-e11bfdb7a39010157e50edf66a6f0008}
label: Are you willing to relocate for this position?
  [dropdown] nothing chosen #primaryQuestionnaire--e11bfdb7a39010157e50edf66a6f0008
 {formField-e11bfdb7a39010157e50ee9066d80002}
label: Have you or a close family member worked for KPMG in an audit function in the last 2 years?*
  [dropdown] nothing chosen #primaryQuestionnaire--e11bfdb7a39010157e50ee9066d80002
 {formField-c204e6eafbc3101ac6c013dca3620000}
label: At JLL, we harness the power of artificial intelligence (AI) to efficiently accelerate meaningful connections 
  text: Your participation is entirely voluntary and applies only to this specific job application. Should you choose to opt out, we will not use AI
  text: **For more information see
  text: AI Hiring Process Frequently Asked Questions
  [dropdown] nothing chosen #primaryQuestionnaire--c204e6eafbc3101ac6c013dca3620000
 {formField-e11bfdb7a39010157e50ef2a2c6b0003}
label: We would love to keep you in mind for future roles that may be a great fit for your skills and experience. May
  [dropdown] nothing chosen #primaryQuestionnaire--e11bfdb7a39010157e50ef2a2c6b0003
  [button] Back {pageFooterBackButton}
  [button] Next {pageFooterNextButton}
# Follow Us
  [link]  {socialIcon}
  [link]  {socialIcon}
  [link]  {socialIcon}
  text: © 2026 Workday, Inc. All rights reserved.

=== 2026-10-07 11:05:38  skipped  Analyst - Compliance @ pjtpartners
url: https://pjtpartners.wd1.myworkdayjobs.com/careers/job/New-York/Analyst---Compliance_R0003544/apply/applyManually
stage: Application Questions 1 of 2
why: can't truthfully answer required: Arabic; Cantonese; Danish; English; French; German; Hindi; Italian; Japanese; Korean; Mandarin; Norwegian; Portuguese; Russian; Spanish; Swedish; Please confirm that you have uploaded your resume and any ot
  [link] Skip to main content {accessibilitySkipToMainContent}
  [link]  {logoLink}
  [button] Settings #settingsSelectorButton {utilityMenuButton}
  [button] <email> {utilityMenuButton} opens-true
  [button] Careers Home {navigationItem-Careers Home}
  [button] Candidate Home {navigationItem-Candidate Home}
{applyFlowPage}
  [button] Back to Job Posting {backToJobPosting}
# Analyst - Compliance
label: completed step 1 of 5
label: My Information
label: completed step 2 of 5
label: My Experience
{progressBarActiveStep} current step 3 of 5 Application Questions 1 of 2
label: current step 3 of 5
label: Application Questions 1 of 2
label: step 4 of 5
label: Application Questions 2 of 2
label: step 5 of 5
label: Review
# Application Questions 1 of 2
{applyFlowPrimaryQuestionsPage}
 {formField-ed41191dc8961001b607b218c6aa0001}
label: Please indicate any languages in which you are fluent.*
  <input:checkbox #1aaa0aab11041000b2b40e63c9f60001-ed41191dc8961001b607b218c6a required question-unanswered>
label: Arabic
  <input:checkbox #1aaa0aab11041000b2b40e63c9f60002-ed41191dc8961001b607b218c6a required question-unanswered>
label: Cantonese
  <input:checkbox #1aaa0aab11041000b2b40e63c9f60003-ed41191dc8961001b607b218c6a required question-unanswered>
label: Danish
  <input:checkbox #1aaa0aab11041000b2b40efdf2d10000-ed41191dc8961001b607b218c6a required question-unanswered>
label: English
  <input:checkbox #1aaa0aab11041000b2b40efdf2d10001-ed41191dc8961001b607b218c6a required question-unanswered>
label: French
  <input:checkbox #1aaa0aab11041000b2b40efdf2d10002-ed41191dc8961001b607b218c6a required question-unanswered>
label: German
  <input:checkbox #1aaa0aab11041000b2b40efdf2d10003-ed41191dc8961001b607b218c6a required question-unanswered>
label: Hindi
  <input:checkbox #1aaa0aab11041000b2b40f97b5920000-ed41191dc8961001b607b218c6a required question-unanswered>
label: Italian
  <input:checkbox #1aaa0aab11041000b2b40f97b5920001-ed41191dc8961001b607b218c6a required question-unanswered>
label: Japanese
  <input:checkbox #1aaa0aab11041000b2b40f97b5920002-ed41191dc8961001b607b218c6a required question-unanswered>
label: Korean
  <input:checkbox #1aaa0aab11041000b2b40f97b5920003-ed41191dc8961001b607b218c6a required question-unanswered>
label: Mandarin
  <input:checkbox #1aaa0aab11041000b2b4103196cb0000-ed41191dc8961001b607b218c6a required question-unanswered>
label: Norwegian
  <input:checkbox #1aaa0aab11041000b2b4103196cb0001-ed41191dc8961001b607b218c6a required question-unanswered>
label: Portuguese
  <input:checkbox #1aaa0aab11041000b2b4103196cb0002-ed41191dc8961001b607b218c6a required question-unanswered>
label: Russian
  <input:checkbox #1aaa0aab11041000b2b4103196cb0003-ed41191dc8961001b607b218c6a required question-unanswered>
label: Spanish
  <input:checkbox #1aaa0aab11041000b2b4103196cb0004-ed41191dc8961001b607b218c6a required question-unanswered>
label: Swedish
 {formField-ed41191dc8961001b607b34c5ad80006}
label: Please indicate any other languages you are fluent in:
  <textarea #primaryQuestionnaire--ed41191dc8961001b607b34c5ad80006 empty>
 {formField-ed41191dc8961001b607b34c5ad80007}
label: Please indicate your professional registrations, licenses or certifications, including all details on states a
  <textarea #primaryQuestionnaire--ed41191dc8961001b607b34c5ad80007 empty>
 {formField-ed41191dc8961001b607b34c5ad80008}
label: Are you legally authorized to work in the country in which you are applying?*
  [dropdown] nothing chosen #primaryQuestionnaire--ed41191dc8961001b607b34c5ad80008
 {formField-ed41191dc8961001b607b3e646360001}
label: Do you now or will you at any time in the future require visa sponsorship for employment, including any future
  [dropdown] nothing chosen #primaryQuestionnaire--ed41191dc8961001b607b3e646360001
 {formField-ed41191dc8961001b607b3e646360004}
label: Have you previously applied for employment with PJT Partners?*
  [dropdown] nothing chosen #primaryQuestionnaire--ed41191dc8961001b607b3e646360004
 {formField-ed41191dc8961001b607b3e646360008}
label: Have you ever been employed by PJT Partners or any of its acquired businesses, including in a contract capacit
  [dropdown] nothing chosen #primaryQuestionnaire--ed41191dc8961001b607b3e646360008
 {formField-ed41191dc8961001b607b48018be0002}
label: Are any of your relatives or members of your household employed by PJT Partners?*
  [dropdown] nothing chosen #primaryQuestionnaire--ed41191dc8961001b607b48018be0002
 {formField-ed41191dc8961001b607b48018be0006}
label: Please confirm that you have uploaded your resume and any other documents in PDF format.*
  [dropdown] nothing chosen #primaryQuestionnaire--ed41191dc8961001b607b48018be0006
 {formField-ed41191dc8961001b607b519b1a20000}
label: I certify that answers given herein are true and complete to the best of my knowledge. I authorize PJT Partner
  <textarea #primaryQuestionnaire--ed41191dc8961001b607b519b1a20000 required empty>
 {formField-ed41191dc8961001b607b519b1a20001}
label: Please provide today's date to signify your electronic signature for this statement.*
  text: current value is MM/DD/YYYY
  <input #primaryQuestionnaire--ed41191dc8961001b607b519b1a20001-dateS {dateSectionMonth-input} empty>
  <input #primaryQuestionnaire--ed41191dc8961001b607b519b1a20001-dateS {dateSectionDay-input} empty>
  <input #primaryQuestionnaire--ed41191dc8961001b607b519b1a20001-dateS {dateSectionYear-input} empty>
  [button]  {dateIcon}
  [button] Back {pageFooterBackButton}
  [button] Save and Continue {pageFooterNextButton}
  text: © 2026 Workday, Inc. All rights reserved.

=== 2026-10-07 11:06:30  skipped  BIN Sponsorship Product Analyst @ db
url: https://db.wd3.myworkdayjobs.com/dbwebsite/job/New-York-1-Columbus-Circle/BIN-Sponsorship-Product-Analyst_R0440662/apply/applyManually
stage: Application Questions
why: can't truthfully answer required: Please select one of the following options:*
  [link] Skip to main content {accessibilitySkipToMainContent}
  [link]  {logoLink}
  [button] English #languageSelectorButton {utilityMenuButton}
  [button] Sign In {utilityButtonSignIn}
  [button] Search for Jobs {navigationItem-Search for Jobs}
{applyFlowPage}
  [button] Back to Job Posting {backToJobPosting}
# BIN Sponsorship Product Analyst
label: completed step 1 of 5
label: My Information
label: completed step 2 of 5
label: My Experience
{progressBarActiveStep} current step 3 of 5 Application Questions
label: current step 3 of 5
label: Application Questions
label: step 4 of 5
label: Voluntary Disclosures
label: step 5 of 5
label: Review
# Application Questions
{applyFlowPrimaryQuestionsPage}
 {formField-90aa969e8e95103787e47e515e800000}
label: Are you presently legally authorized to work in the United States?
  [dropdown] nothing chosen #primaryQuestionnaire--90aa969e8e95103787e47e515e800000
 {formField-90aa969e8e95103787e47e515e800003}
label: Do you now or will you in the future require sponsorship to work in the United States?
  [dropdown] nothing chosen #primaryQuestionnaire--90aa969e8e95103787e47e515e800003
 {formField-90aa969e8e95103787e47e515e800006}
label: Deutsche Bank AG (including its affiliated companies) (“DB”) would like to use Artificial Intelligence (AI) to
  text: Your consent is voluntary. If you choose not to consent, your application will be reviewed without the use of AI Tools. Your decision will n
  [dropdown] nothing chosen #primaryQuestionnaire--90aa969e8e95103787e47e515e800006
 {formField-90aa969e8e95103787e47eeb05a80001}
  text: Your consent is voluntary. If you choose not to consent, your information will not be retained or used for this purpose. Your current applic
  [dropdown] nothing chosen #primaryQuestionnaire--90aa969e8e95103787e47eeb05a80001
 {formField-90aa969e8e95103787e47eeb05a80004}
label: Please select one of the following options:*
  [dropdown] nothing chosen #primaryQuestionnaire--90aa969e8e95103787e47eeb05a80004
  [button] Back {pageFooterBackButton}
  [button] Next {pageFooterNextButton}
# Follow Us
  [link]  {socialIcon}
  [link]  {socialIcon}
  [link]  {socialIcon}
  [link] Data Privacy Statement {privacyLink}
  text: © 2026 Workday, Inc. All rights reserved.

=== 2026-10-07 11:06:40  blocked  Associate, Business Development - Global Law @ gersonlehrmangroup
url: https://glginsights.com/careers/jobs/7985891003
why: no application form found on page
# glginsights.com
# Performing security verification
  text: This website uses a security service to protect against malicious bots. This page is displayed while the website verifies you are not a bot.

=== 2026-10-07 11:07:23  skipped  Agentic Workplace Analyst @ libertyglobal
url: https://libertyglobal.wd3.myworkdayjobs.com/liberty_global_careers/job/Denver/Agentic-Workplace-Analyst_REQ_00038714/apply/applyManually
stage: Application Questions
why: can't truthfully answer required: How soon would you be available to join our team?*
  [link] Skip to main content {accessibilitySkipToMainContent}
  [link]  {logoLink}
  [button] Sign In {utilityButtonSignIn}
  [button] Search for Jobs {navigationItem-Search for Jobs}
{applyFlowPage}
  [button] Back to Job Posting {backToJobPosting}
# Agentic Workplace Analyst
label: completed step 1 of 5
label: My Information
label: completed step 2 of 5
label: My Experience
{progressBarActiveStep} current step 3 of 5 Application Questions
label: current step 3 of 5
label: Application Questions
label: step 4 of 5
label: Voluntary Disclosures
label: step 5 of 5
label: Review
# Application Questions
{applyFlowPrimaryQuestionsPage}
 {formField-1eabcaee78cd100193ab0e96e1420000}
label: What are your salary expectations for this role? Select a range below considering it's in the local currency a
  [dropdown] nothing chosen #primaryQuestionnaire--1eabcaee78cd100193ab0e96e1420000
 {formField-1eabcaee78cd100193ab11018f670000}
label: Do you require visa sponsorship and relocation to work with us?*
  [dropdown] nothing chosen #primaryQuestionnaire--1eabcaee78cd100193ab11018f670000
 {formField-1eabcaee78cd100193ab11018f670004}
label: How soon would you be available to join our team?*
  <textarea #primaryQuestionnaire--1eabcaee78cd100193ab11018f670004 required empty>
  [button] Back {pageFooterBackButton}
  [button] Next {pageFooterNextButton}
# Follow Us
  [link]  {socialIcon}
  [link]  {socialIcon}
  [link]  {socialIcon}
  [link]  {socialIcon}
  text: © 2026 Workday, Inc. All rights reserved.

=== 2026-10-07 11:08:31  skipped  Scientific Working Groups and Committees (SWC) Coordinator @ icf
url: https://icf.wd5.myworkdayjobs.com/icfexternal_career_site/job/Nationwide-Remote-Office-US99/Scientific-Working-Groups-and-Committees--SWC--Coordinator_R2603315/apply/applyManually
stage: Voluntary Disclosures
why: can't truthfully answer required: Please select the race which most accurately describes how y
  [link] Skip to main content {accessibilitySkipToMainContent}
  [link]  {logoLink}
# ICF Jobs
  [button] English #languageSelectorButton {utilityMenuButton}
  [button] Settings #settingsSelectorButton {utilityMenuButton}
  [button] <email> {utilityMenuButton} opens-true
  [button] Search for Jobs {navigationItem-Search for Jobs}
  [button] Candidate Home {navigationItem-Candidate Home}
  [button] Job Alerts {navigationItem-Job Alerts}
{applyFlowPage}
  [button] Back to Job Posting {backToJobPosting}
# Scientific Working Groups and Committees (SWC) Coordinator
label: completed step 1 of 5
label: My Information
label: completed step 2 of 5
label: My Experience
label: completed step 3 of 5
label: Application Questions
{progressBarActiveStep} current step 4 of 5 Voluntary Disclosures
label: current step 4 of 5
label: Voluntary Disclosures
label: step 5 of 5
label: Review
# Voluntary Disclosures
{applyFlowVoluntaryDisclosuresPage}
# Personal Data Statement
  text: ICF requests the information below to comply with Federal requirements: (i) Title VII of the Civil Rights Act of 1964, as amended (ii) Secti
  text: ICF is a Government contractor subject to the Vietnam Era Veterans’ Readjustment Assistance Act of 1974, as amended by the Jobs for Veterans
  text: A ‘‘disabled veteran’’ is one of the following: a veteran of the U.S. military, ground, naval or air service who is entitled to compensation
 {formField-gender}
label: Please select your gender.*
  [dropdown] nothing chosen #personalInfoUS--gender
 {formField-ethnicity}
label: Please select the race which most accurately describes how you identify yourself.*
  [dropdown] nothing chosen #personalInfoUS--ethnicity
 {formField-hispanicOrLatino}
label: Please indicate whether you are Hispanic or Latino.
  [dropdown] nothing chosen #personalInfoUS--hispanicOrLatino
 {formField-veteranStatus}
label: Please select your veteran status.*
  [dropdown] nothing chosen #personalInfoUS--veteranStatus
# Terms and Conditions
  text: During the recruiting process ICF International, Inc. and its affiliates, subsidiaries, trusted business partners or alliances, agents, subc
  text: "we", "us" and "our") collect, store and process personal data relating to job applicants. ICF is a privacy-conscious organization and stron
  text: This privacy statement describes how personal data is processed for all applicants and candidates who apply for employment at ICF and its af
  text: All personal data you submit with your application to ICF is collected by ICF in the United States and also in the jurisdiction where the jo
  text: How do we collect your personal data?
  text: ICF may collect this information in a variety of ways.
  text: We may also collect personal data from other sources in order to verify the information you have provided as a part of your application (suc
  text: What information do we collect?
  text: ICF may collect and enrich a range of information about you in connection with your employment application as part of the recruiting and hir
  text: Identity and contact information, such as your name, Social Security Number, tax ID, or other similar identifiers, location/address and cont
  text: Personal characteristics, such as age, gender/gender identity, race, ethnicity, disability status, and other demographic data
  text: Audio, voice, electronic, visual, or similar information, such as photographs or videos;
  text: Details of your qualifications, skills, experience, education, employment history, tax information, background check information, informatio
  text: Information about your current level of remuneration, including benefit entitlements;
  text: Information about your entitlement to work in the jurisdiction of the position for which you are applying; and
  text: Other publicly available data found on professional social links, e.g. contact information and work experience.
  text: California Consumer Privacy Act Disclosure
  text: Categories of Personal Data
  text: Identifiers: Name, IP address, unique personal identifiers, social security number, usernames
  text: Categories of personal data under Cal. Civ. Code 1798.80(e): Name, address, social security number, phone number, employment history, passpo
  text: Characteristics of protected classifications under California or federal law: Gender, marital status, race, physical disability, medical con
  text: Sensitive personal information: Social security number, passport, personal account information, including mail, email and text messages rega
  text: Commercial information, e.g. records of personal property, products/services obtained or considered, or other consuming histories or tendenc
  text: Internet or other electronic network activity information: Interactions with our websites, apps, devices or other digital properties
  text: Geolocation data: Precise location of a device
  text: Audio, electronic, visual, thermal, olfactory, or similar information: Photographs, videos, audio recordings, social media information
  text: Professional/employment-related
  text: Education information: Education history, degrees obtained, actual or anticipated graduation dates
  text: Inferences drawn from the categories of personal data above: Aptitudes, interests, productiveness
  text: Why does ICF process personal data?
  text: Where required by applicable data protection laws, we will only process your personal data where we have a lawful basis to do so (including,
  text: Who has access to personal data?
  text: Your personal data and sensitive information or special categories of personal data may be shared internally to ICF Group companies or with 
  text: ICF may also share your information (including the categories identified in the table above) with our third party service providers or vendo
  text: Background/credit check providers, where required under applicable laws. Purpose for disclosure: to allow our providers to carry out and pro
  text: IT service providers and Workday portal.
  text: Purpose for disclosure: to support, maintain and host our information systems, including the software and hardware infrastructure required t
  text: Legal and other professional advisors (e.g., auditors, consultants). Purpose for disclosure: to provide us with advice in relation to our bu
  text: We will not share your data with third parties that are not service providers, vendors, or affiliates, unless your application for employmen
  text: International transfers of personal data
  text: ICF corporate group is a global group of companies, and accordingly we may transfer your personal data to, or access it in, jurisdictions (i
  text: Where we transfer personal data outside of the country you are based in, we will take organizational, contractual and technical measures to 
  text: How does ICF protect data?
  text: We take the security of your data seriously. We have internal policies and controls in place to ensure that your data is not lost, accidenta
  text: For how lo

=== 2026-10-07 11:09:37  skipped  Digital Content & Experience Specialist @ corpay
url: https://corpay.wd103.myworkdayjobs.com/ext_001/job/IND-Remote---Corporate-Overhead/Digital-Content---Experience-Specialist_R09700/apply/applyManually
stage: Application Questions
why: can't truthfully answer required: Do you have any planned vacation/leave or appointments in th
  [link] Skip to main content {accessibilitySkipToMainContent}
  [link]  {logoLink}
# Corpay Careers
  [button] English #languageSelectorButton {utilityMenuButton}
  [button] Settings #settingsSelectorButton {utilityMenuButton}
  [button] <email> {utilityMenuButton} opens-true
  [button] Search for Jobs {navigationItem-Search for Jobs}
  [button] Candidate Home {navigationItem-Candidate Home}
  [button] Job Alerts {navigationItem-Job Alerts}
{applyFlowPage}
  [button] Back to Job Posting {backToJobPosting}
# Digital Content & Experience Specialist
label: completed step 1 of 5
label: My Information
label: completed step 2 of 5
label: My Experience
{progressBarActiveStep} current step 3 of 5 Application Questions
label: current step 3 of 5
label: Application Questions
label: step 4 of 5
label: Voluntary Disclosures
label: step 5 of 5
label: Review
# Application Questions
{applyFlowPrimaryQuestionsPage}
 {formField-39bf1c44daa5100142f27e92cda00000}
label: Are you currently legally authorized to work in India for any employer?*
  [dropdown] nothing chosen #primaryQuestionnaire--39bf1c44daa5100142f27e92cda00000
 {formField-39bf1c44daa5100142f27f2cbeda0000}
label: Will you now or in the future require employer sponsorship to obtain or maintain work authorization?*
  [dropdown] nothing chosen #primaryQuestionnaire--39bf1c44daa5100142f27f2cbeda0000
 {formField-39bf1c44daa5100142f27fc684d40001}
label: If selected for hire, will you be able to provide evidence of your right to work in India by your start date?*
  [dropdown] nothing chosen #primaryQuestionnaire--39bf1c44daa5100142f27fc684d40001
 {formField-39bf1c44daa5100142f28060defa0001}
label: What is your current country of residence?
  <textarea #primaryQuestionnaire--39bf1c44daa5100142f28060defa0001 empty>
 {formField-39bf1c44daa5100142f28060defa0002}
label: Preferred work location (city/region) within the country
  <textarea #primaryQuestionnaire--39bf1c44daa5100142f28060defa0002 empty>
 {formField-39bf1c44daa5100142f280fa9c860000}
label: Have you been previously employed by Corpay or any of it's entities?*
  [dropdown] nothing chosen #primaryQuestionnaire--39bf1c44daa5100142f280fa9c860000
 {formField-39bf1c44daa5100142f2819470720000}
label: Do you have any planned vacation/leave or appointments in the first 90 days of the proposed employment?*
  <textarea #primaryQuestionnaire--39bf1c44daa5100142f2819470720000 required empty>
  [button] Back {pageFooterBackButton}
  [button] Save and Continue {pageFooterNextButton}
# Follow Us
  [link]  {socialIcon}
  [link]  {socialIcon}
  [link]  {socialIcon}
  [link] Privacy Policy {privacyLink}
  text: © 2026 Workday, Inc. All rights reserved.

=== 2026-10-07 11:09:57  skipped  EMR Analyst I - Epic Billing @ cincinnatichildrens
url: https://cincinnatichildrens.wd5.myworkdayjobs.com/careersatcincinnatichildrens/job/Remote/EMR-Analyst-I---Epic-Billing_JR225598/apply/applyManually
stage: My Information
why: can't truthfully answer required: Were you ever an employee or a non-employee (volunteer, stud
  [link] Skip to main content {accessibilitySkipToMainContent}
  [link]  {logoLink}
  [button] Settings #settingsSelectorButton {utilityMenuButton}
  [button] <email> {utilityMenuButton} opens-true
  [button] Search for Jobs {navigationItem-Search for Jobs}
  [button] Candidate Home {navigationItem-Candidate Home}
{applyFlowPage}
  [button] Back to Job Posting {backToJobPosting}
# EMR Analyst I - Epic Billing
{progressBarActiveStep} current step 1 of 6 My Information
label: current step 1 of 6
label: My Information
label: step 2 of 6
label: My Experience
label: step 3 of 6
label: Application Questions 1 of 2
label: step 4 of 6
label: Application Questions 2 of 2
label: step 5 of 6
label: Voluntary Disclosures
label: step 6 of 6
label: Review
# My Information
{applyFlowMyInfoPage}
 {formField-source}
label: How Did You Hear About Us?*
{multiSelectContainer}
  <input #source--source required empty>
 {formField-candidateIsPreviousWorker}
label: Were you ever an employee or a non-employee (volunteer, student, etc.) at Cincinnati Children's Hospital?*
  <input:radio #evmpl question-unanswered>
label: Yes
  <input:radio #evmpm question-unanswered>
label: No
 {formField-country}
label: Country*
  [dropdown] chosen #country--country
# Legal Name
 {formField-legalName--firstName}
label: First Name*
  <input:text #name--legalName--firstName required empty>
 {formField-legalName--middleName}
label: Middle Name
  <input:text #name--legalName--middleName empty>
 {formField-legalName--lastName}
label: Last Name*
  <input:text #name--legalName--lastName required empty>
 {formField-preferredCheck}
label: I have a preferred name
  <input:checkbox #name--preferredCheck question-unanswered>
# Address
 {formField-addressLine1}
label: Address Line 1*
  <input:text #address--addressLine1 required empty>
 {formField-addressLine2}
label: Address Line 2
  <input:text #address--addressLine2 empty>
 {formField-city}
label: City*
  <input:text #address--city required empty>
 {formField-countryRegion}
label: State*
  [dropdown] nothing chosen #address--countryRegion
 {formField-postalCode}
label: Postal Code*
  <input:text #address--postalCode required empty>
# Email Address
# Phone
 {formField-phoneType}
label: Phone Device Type*
  [dropdown] chosen #phoneNumber--phoneType
 {formField-countryPhoneCode}
label: Country Phone Code*
{multiSelectContainer}
  <input #phoneNumber--countryPhoneCode required empty>
    (a choice is selected)
 {formField-phoneNumber}
label: Phone Number*
  <input:text #phoneNumber--phoneNumber required empty>
 {formField-extension}
label: Phone Extension
  <input:text #phoneNumber--extension empty>
  [button] Save and Continue {pageFooterNextButton}
  text: © 2026 Workday, Inc. All rights reserved.

=== 2026-10-07 11:27:47  skipped  Associate, Transaction Management @ jll
url: https://jll.wd1.myworkdayjobs.com/jllcareers/job/San-Francisco-CA/Associate--Transaction-Management_REQ535449-1/apply/applyManually
stage: Application Questions
why: can't truthfully answer required: We would love to keep you in mind for future roles that may 
  [link] Skip to main content {accessibilitySkipToMainContent}
  [link]  {logoLink}
  [button] English #languageSelectorButton {utilityMenuButton}
  [button] Sign In {utilityButtonSignIn}
  [button] Search for Jobs {navigationItem-Search for Jobs}
{applyFlowPage}
  [button] Back to Job Posting {backToJobPosting}
# Associate, Transaction Management
label: completed step 1 of 5
label: My Information
label: completed step 2 of 5
label: My Experience
{progressBarActiveStep} current step 3 of 5 Application Questions
label: current step 3 of 5
label: Application Questions
label: step 4 of 5
label: Voluntary Disclosures
label: step 5 of 5
label: Review
# Application Questions
{applyFlowPrimaryQuestionsPage}
  text: I hereby certify that all information provided in this application is accurate to the best of my knowledge. I understand that any false, mis
  text: It is unlawful in Massachusetts to require or administer a lie detector test as a condition of employment or continued employment. An employ
 {formField-e11bfdb7a39010157e50ed5bb3c50001}
label: Are you legally authorized to work in the country in which you are applying?*
  [dropdown] nothing chosen #primaryQuestionnaire--e11bfdb7a39010157e50ed5bb3c50001
 {formField-e11bfdb7a39010157e50edf66a6f0001}
label: Will you now or in the future need sponsorship to work in the country in which you are applying?*
  [dropdown] nothing chosen #primaryQuestionnaire--e11bfdb7a39010157e50edf66a6f0001
 {formField-e11bfdb7a39010157e50edf66a6f0004}
label: Are you 18 years of age or older?*
  [dropdown] nothing chosen #primaryQuestionnaire--e11bfdb7a39010157e50edf66a6f0004
 {formField-e11bfdb7a39010157e50edf66a6f0007}
label: Current Salary Expectations:*
  <textarea #primaryQuestionnaire--e11bfdb7a39010157e50edf66a6f0007 required empty>
 {formField-e11bfdb7a39010157e50edf66a6f0008}
label: Are you willing to relocate for this position?
  [dropdown] nothing chosen #primaryQuestionnaire--e11bfdb7a39010157e50edf66a6f0008
 {formField-e11bfdb7a39010157e50ee9066d80002}
label: Have you or a close family member worked for KPMG in an audit function in the last 2 years?*
  [dropdown] nothing chosen #primaryQuestionnaire--e11bfdb7a39010157e50ee9066d80002
 {formField-c204e6eafbc3101ac6c013dca3620000}
label: At JLL, we harness the power of artificial intelligence (AI) to efficiently accelerate meaningful connections 
  text: Your participation is entirely voluntary and applies only to this specific job application. Should you choose to opt out, we will not use AI
  text: **For more information see
  text: AI Hiring Process Frequently Asked Questions
  [dropdown] nothing chosen #primaryQuestionnaire--c204e6eafbc3101ac6c013dca3620000
 {formField-e11bfdb7a39010157e50ef2a2c6b0003}
label: We would love to keep you in mind for future roles that may be a great fit for your skills and experience. May
  [dropdown] nothing chosen #primaryQuestionnaire--e11bfdb7a39010157e50ef2a2c6b0003
  [button] Back {pageFooterBackButton}
  [button] Next {pageFooterNextButton}
# Follow Us
  [link]  {socialIcon}
  [link]  {socialIcon}
  [link]  {socialIcon}
  text: © 2026 Workday, Inc. All rights reserved.

=== 2026-10-07 11:28:08  skipped  Capital Markets Analyst – Warehouse Finance @ pathwardcareerfair
url: https://job-boards.greenhouse.io/pathwardcareerfair/jobs/6186967004
stage: page 1
why: can't truthfully answer required: Will you now or in the future require Pathward to sponsor yo; Have you informed your current manager about applying to thi; We are excited to learn more about you! Please share what in
# Capital Markets Analyst – Warehouse Finance
  [button] Apply
  text: Join Pathward and Empower Your Future!
  text: We are a hybrid, remote-office company dedicated to growing talent from anywhere!
  text: Contribute to efforts to identify, evaluate and achieve strategic business opportunities through warehouse lending and new capital markets s
  text: Provides analytical and operational support in managing the bank’s warehouse lending business.
  text: Leads day-to-day warehouse lending operations and reporting responsibilities including preparing advance / paydown requests and reviewing bo
  text: Assists in reviewing warehouse lending term sheets and legal documentation, assessing deal risk and return metrics, preparation of deal appr
  text: Develops and executes ongoing controls, mitigation plans, testing, and oversight of the warehouse lending business.
  text: Performs and presents periodic reviews on existing warehouse lending deals.
  text: Identifies and implements new concepts, best practices and approaches related to warehouse lending reporting and operational & credit risk m
  text: Leads the development of warehouse lending performance reporting and credit risk management oversight.
  text: Assists in overseeing all third-party warehouse lending financial and operational audits.
  text: Assists in structured finance transaction due diligence, financial modeling, risk management and legal documentation.
  text: Works in a collaborative environment to perform detailed financial analysis and assist in building complex transaction models for new and ex
  text: Supports the Chief Investment Officer and Head of Capital Markets in other assigned tasks.
  text: Bachelor's degree in Finance or related field
  text: Working towards an MBA and or CFA a plus
  text: 0 – 2 years of experience in Warehouse Finance, Debt Capital Markets, Structured Credit, Specialty Lending and or Investment Banking.
  text: Recent college graduates will be considered.
  text: Communication skills (verbal and written)
  text: The responsibilities listed above are not all inclusive and may be changed at any time.
  text: Salary range: $60,000 – $100,500
  text: Don’t have everything listed under qualifications? If you’re excited about this role but your
  text: experiences don’t match exactly to everything in the posting, we encourage you to apply
  text: anyway. You may be just the right candidate for this or other Pathward roles. Pathward is
  text: an equal employment opportunity employer and considers candidates for roles without regard
  text: to their race, sex, national origin, ethnicity, age, disability or any other category protected by
  text: Our commitment to inclusion is woven into our DNA. We believe that we are strongest when we embrace the voices of our employees, customers, 
  text: We provide equal employment opportunities (EEO) to all employees and applicants for employment without regard to race, color, ethnicity, rel
  text: Applications will be accepted for a minimum of 3 days after posting, and there is no predetermined date by which applications should be subm
# Knowingly submitting false information will result in disqualification for consideration of future positions, 
# Candidate Scam Warning
  text: https://www.pathward.com/about-us/people-culture/careers/
  text: Interested in building your career at Pathward, Career Fairs ? Get future opportunities sent straight to your email.
# Apply for this job
  text: indicates a required field
  [button] Autofill my application
label: First Name*
  <input:text #first_name required empty>
label: Last Name*
  <input:text #last_name required empty>
label: Preferred First Name
  <input:text #preferred_name empty>
label: Email*
  <input:text #email required empty>
label: Phone
label: Country
  <input:text #country empty>
  [button] 
  <input:tel #phone empty>
  [button] Attach
label: Attach
  <input:file #resume no-file>
  [button] Dropbox
  [button] Google Drive
  [button] Enter manually
label: Enter manually
  text: Accepted file types: pdf, doc, docx, txt, rtf
  [button] Attach
  <input:file #cover_letter no-file>
  [button] Dropbox
  [button] Google Drive
  [button] Enter manually
label: LinkedIn Profile
  <input:text #question_19929633004 empty>
label: Website
  <input:text #question_19929634004 empty>
label: Address*
  <input:text #question_19941999004 required empty>
label: City*
  <input:text #question_19942000004 required empty>
label: State*
  <input:text #question_19942001004 required empty>
  [button] 
  <input required empty>
label: Zip Code*
  <input:text #question_19942002004 required empty>
label: Are you authorized to work in the United States?*
  <input:text #question_19942003004 required empty>
  [button] 
  <input required empty>
label: Will you now or in the future require Pathward to sponsor you for an employment-based visa or participate in a
  <input:text #question_19942004004 required empty>
  [button] 
  <input required empty>
label: Have you informed your current manager about applying to this role?*
  <input:text #question_19942005004 required empty>
  [button] 
  <input required empty>
  <input:text #question_19942006004 empty>
label: Please provide your LinkedIn profile
  <input:text #question_19942007004 empty>
label: Please indicate your minimum salary requirements. If this job does not meet your minimum salary requirements, 
  <input:text #question_19942008004 required empty>
label: We are excited to learn more about you! Please share what initially sparked your interest in this role and how
  <textarea #question_19942009004 required empty>
  [button] Submit application
<iframe https://www.recaptcha.net/recaptcha/enterprise/anchor>

=== 2026-10-07 11:28:45  skipped  Property Associate @ jll
url: https://jll.wd1.myworkdayjobs.com/jllcareers/job/Denver-CO/Property-Associate_REQ535137/apply/applyManually
stage: Application Questions 1 of 2
why: can't truthfully answer required: We would love to keep you in mind for future roles that may 
  [link] Skip to main content {accessibilitySkipToMainContent}
  [link]  {logoLink}
  [button] English #languageSelectorButton {utilityMenuButton}
  [button] Sign In {utilityButtonSignIn}
  [button] Search for Jobs {navigationItem-Search for Jobs}
{applyFlowPage}
  [button] Back to Job Posting {backToJobPosting}
# Property Associate
label: completed step 1 of 6
label: My Information
label: completed step 2 of 6
label: My Experience
{progressBarActiveStep} current step 3 of 6 Application Questions 1 of 2
label: current step 3 of 6
label: Application Questions 1 of 2
label: step 4 of 6
label: Application Questions 2 of 2
label: step 5 of 6
label: Voluntary Disclosures
label: step 6 of 6
label: Review
# Application Questions 1 of 2
{applyFlowPrimaryQuestionsPage}
  text: I hereby certify that all information provided in this application is accurate to the best of my knowledge. I understand that any false, mis
  text: It is unlawful in Massachusetts to require or administer a lie detector test as a condition of employment or continued employment. An employ
 {formField-6ada771f9dc5101ac909f047f4350000}
label: Are you legally authorized to work in the country in which you are applying?*
  [dropdown] nothing chosen #primaryQuestionnaire--6ada771f9dc5101ac909f047f4350000
 {formField-6ada771f9dc5101ac909f047f4350003}
label: Will you now or in the future need sponsorship to work in the country in which you are applying?*
  [dropdown] nothing chosen #primaryQuestionnaire--6ada771f9dc5101ac909f047f4350003
 {formField-6ada771f9dc5101ac909f047f4350006}
label: Are you 18 years of age or older?*
  [dropdown] nothing chosen #primaryQuestionnaire--6ada771f9dc5101ac909f047f4350006
 {formField-6ada771f9dc5101ac909f0e186fc0000}
label: Are you willing to relocate for this position?
  [dropdown] nothing chosen #primaryQuestionnaire--6ada771f9dc5101ac909f0e186fc0000
 {formField-6ada771f9dc5101ac909f0e186fc0003}
label: Have you or a close family member worked for KPMG in an audit function in the last 2 years?*
  [dropdown] nothing chosen #primaryQuestionnaire--6ada771f9dc5101ac909f0e186fc0003
 {formField-c204e6eafbc3101ac747fb9b439f0000}
label: At JLL, we harness the power of artificial intelligence (AI) to efficiently accelerate meaningful connections 
  text: Your participation is entirely voluntary and applies only to this specific job application. Should you choose to opt out, we will not use AI
  text: **For more information see
  text: AI Hiring Process Frequently Asked Questions
  [dropdown] nothing chosen #primaryQuestionnaire--c204e6eafbc3101ac747fb9b439f0000
 {formField-6ada771f9dc5101ac909f0e186fc0009}
label: We would love to keep you in mind for future roles that may be a great fit for your skills and experience. May
  [dropdown] nothing chosen #primaryQuestionnaire--6ada771f9dc5101ac909f0e186fc0009
  [button] Back {pageFooterBackButton}
  [button] Next {pageFooterNextButton}
# Follow Us
  [link]  {socialIcon}
  [link]  {socialIcon}
  [link]  {socialIcon}
  text: © 2026 Workday, Inc. All rights reserved.

=== 2026-10-07 11:29:16  skipped  Property Associate @ jll
url: https://jll.wd1.myworkdayjobs.com/jllcareers/job/Denver-CO/Property-Associate_REQ534471/apply/applyManually
stage: Application Questions 1 of 2
why: can't truthfully answer required: We would love to keep you in mind for future roles that may 
  [link] Skip to main content {accessibilitySkipToMainContent}
  [link]  {logoLink}
  [button] English #languageSelectorButton {utilityMenuButton}
  [button] Sign In {utilityButtonSignIn}
  [button] Search for Jobs {navigationItem-Search for Jobs}
{applyFlowPage}
  [button] Back to Job Posting {backToJobPosting}
# Property Associate
label: completed step 1 of 6
label: My Information
label: completed step 2 of 6
label: My Experience
{progressBarActiveStep} current step 3 of 6 Application Questions 1 of 2
label: current step 3 of 6
label: Application Questions 1 of 2
label: step 4 of 6
label: Application Questions 2 of 2
label: step 5 of 6
label: Voluntary Disclosures
label: step 6 of 6
label: Review
# Application Questions 1 of 2
{applyFlowPrimaryQuestionsPage}
  text: I hereby certify that all information provided in this application is accurate to the best of my knowledge. I understand that any false, mis
  text: It is unlawful in Massachusetts to require or administer a lie detector test as a condition of employment or continued employment. An employ
 {formField-6ada771f9dc5101ac909f047f4350000}
label: Are you legally authorized to work in the country in which you are applying?*
  [dropdown] nothing chosen #primaryQuestionnaire--6ada771f9dc5101ac909f047f4350000
 {formField-6ada771f9dc5101ac909f047f4350003}
label: Will you now or in the future need sponsorship to work in the country in which you are applying?*
  [dropdown] nothing chosen #primaryQuestionnaire--6ada771f9dc5101ac909f047f4350003
 {formField-6ada771f9dc5101ac909f047f4350006}
label: Are you 18 years of age or older?*
  [dropdown] nothing chosen #primaryQuestionnaire--6ada771f9dc5101ac909f047f4350006
 {formField-6ada771f9dc5101ac909f0e186fc0000}
label: Are you willing to relocate for this position?
  [dropdown] nothing chosen #primaryQuestionnaire--6ada771f9dc5101ac909f0e186fc0000
 {formField-6ada771f9dc5101ac909f0e186fc0003}
label: Have you or a close family member worked for KPMG in an audit function in the last 2 years?*
  [dropdown] nothing chosen #primaryQuestionnaire--6ada771f9dc5101ac909f0e186fc0003
 {formField-c204e6eafbc3101ac747fb9b439f0000}
label: At JLL, we harness the power of artificial intelligence (AI) to efficiently accelerate meaningful connections 
  text: Your participation is entirely voluntary and applies only to this specific job application. Should you choose to opt out, we will not use AI
  text: **For more information see
  text: AI Hiring Process Frequently Asked Questions
  [dropdown] nothing chosen #primaryQuestionnaire--c204e6eafbc3101ac747fb9b439f0000
 {formField-6ada771f9dc5101ac909f0e186fc0009}
label: We would love to keep you in mind for future roles that may be a great fit for your skills and experience. May
  [dropdown] nothing chosen #primaryQuestionnaire--6ada771f9dc5101ac909f0e186fc0009
  [button] Back {pageFooterBackButton}
  [button] Next {pageFooterNextButton}
# Follow Us
  [link]  {socialIcon}
  [link]  {socialIcon}
  [link]  {socialIcon}
  text: © 2026 Workday, Inc. All rights reserved.

=== 2026-10-07 11:31:27  skipped  Associate, Capital Markets, Asset-Level Structuring & Pricing @ tiaa
url: https://tiaa.wd1.myworkdayjobs.com/Search/job/New-York-NY-USA/Associate--Capital-Markets--Asset-Level-Structuring---Pricing_R260700616-2/apply/applyManually
stage: Application Questions
why: can't truthfully answer required: Are you at this time subject to any internal investigation (; Are you currently an employee or contingent worker of TIAA o; Have you been previously debarred?*; Have you ever been terminated from a job?*
  [link] Skip to main content {accessibilitySkipToMainContent}
  [link]  {logoLink}
  [button] Settings #settingsSelectorButton {utilityMenuButton}
  [button] <email> {utilityMenuButton} opens-true
  [button] Search for Jobs {navigationItem-Search for Jobs}
  [button] Candidate Home {navigationItem-Candidate Home}
  [button] Job Alerts {navigationItem-Job Alerts}
{applyFlowPage}
  [button] Back to Job Posting {backToJobPosting}
# Associate, Capital Markets, Asset-Level Structuring & Pricing
label: completed step 1 of 5
label: My Information
label: completed step 2 of 5
label: My Experience
{progressBarActiveStep} current step 3 of 5 Application Questions
label: current step 3 of 5
label: Application Questions
label: step 4 of 5
label: Voluntary Disclosures
label: step 5 of 5
label: Review
# Application Questions
{applyFlowPrimaryQuestionsPage}
 {formField-c1cae31d0f2c10018347577a63d50001}
label: Are you at this time subject to any internal investigation (such as an ongoing Employee Relations [ER] review)
  [dropdown] nothing chosen #primaryQuestionnaire--c1cae31d0f2c10018347577a63d50001
 {formField-c1cae31d0f2c10018347581422450000}
label: Are you currently an employee or contingent worker of TIAA or any subsidiary or affiliate (excluding Schroders
  text: employee or contingent worker
  text: excluding Schroders employees
  [dropdown] nothing chosen #primaryQuestionnaire--c1cae31d0f2c10018347581422450000
 {formField-c1cae31d0f2c1001834758adfc070000}
label: Are you legally authorized to work in the US?*
  [dropdown] nothing chosen #primaryQuestionnaire--c1cae31d0f2c1001834758adfc070000
 {formField-c1cae31d0f2c1001834758adfc070003}
label: Can you submit verification of both your identity and your authorization to work in the U.S. pursuant to the U
  [dropdown] nothing chosen #primaryQuestionnaire--c1cae31d0f2c1001834758adfc070003
 {formField-c1cae31d0f2c1001834758adfc070006}
label: Do you currently have a close personal relationship with (1) any associate of TIAA or its subsidiaries, (2) an
  [dropdown] nothing chosen #primaryQuestionnaire--c1cae31d0f2c1001834758adfc070006
 {formField-c1cae31d0f2c100183475947bcaa0001}
label: Were you referred to this position by a Government Official? *A Government Official is defined as any elected,
  text: Were you referred to this position by a Government Official?
  [dropdown] nothing chosen #primaryQuestionnaire--c1cae31d0f2c100183475947bcaa0001
 {formField-c1cae31d0f2c100183475947bcaa0004}
label: Are you a relative of a Government Official? *A Government Official is defined as any elected, appointed, or e
  text: Are you a relative of a Government Official?
  [dropdown] nothing chosen #primaryQuestionnaire--c1cae31d0f2c100183475947bcaa0004
 {formField-c1cae31d0f2c1001834759e1952c0001}
label: Have you been previously debarred?*
  [dropdown] nothing chosen #primaryQuestionnaire--c1cae31d0f2c1001834759e1952c0001
 {formField-c1cae31d0f2c1001834759e1952c0004}
label: Have you ever had your securities license revoked?*
  [dropdown] nothing chosen #primaryQuestionnaire--c1cae31d0f2c1001834759e1952c0004
 {formField-c1cae31d0f2c1001834759e1952c0007}
label: Were you, or do you have an immediate family member who is currently or has within the last three years been a
  [dropdown] nothing chosen #primaryQuestionnaire--c1cae31d0f2c1001834759e1952c0007
 {formField-c1cae31d0f2c100183475a7b92bf0005}
label: Will you presently or in the future require sponsorship for employment visa status (e.g. H1B Visa, CPT EAD, OP
  [dropdown] nothing chosen #primaryQuestionnaire--c1cae31d0f2c100183475a7b92bf0005
 {formField-c1cae31d0f2c100183475b154f1b0000}
label: Would you be willing to disclose (in a post offer situation and as necessary) information related to your poli
  text: http://www.sec.gov/rules/final/2010/<file>
  [dropdown] nothing chosen #primaryQuestionnaire--c1cae31d0f2c100183475b154f1b0000
 {formField-c1cae31d0f2c100183475b154f1b0003}
label: Have you ever been terminated from a job?*
  [dropdown] nothing chosen #primaryQuestionnaire--c1cae31d0f2c100183475b154f1b0003
 {formField-c1cae31d0f2c100183475b154f1b0006}
label: TIAA Talent Acquisition uses an interview scheduling tool to coordinate conversations between recruiters and h
  [dropdown] nothing chosen #primaryQuestionnaire--c1cae31d0f2c100183475b154f1b0006
 {formField-c1cae31d0f2c100183475b154f1b0009}
label: TIAA uses artificial intelligence (A.I.) support in our hiring processes. What this means for you: This techno
  [dropdown] nothing chosen #primaryQuestionnaire--c1cae31d0f2c100183475b154f1b0009
  [button] Back {pageFooterBackButton}
  [button] Save and Continue {pageFooterNextButton}
  text: © 2026 Workday, Inc. All rights reserved.

=== 2026-10-07 11:32:27  skipped  Analyst Program - Real Estate Debt @ barings
url: https://barings.wd1.myworkdayjobs.com/early_talent/job/New-York-NY-United-States/Analyst-Program---Real-Estate-Debt_JR_006669/apply/applyManually
stage: Application Questions
why: can't truthfully answer required: What is your current class/grade level?*
  [link] Skip to main content {accessibilitySkipToMainContent}
  [link]  {logoLink}
# Explore Your Future
  [button] Settings #settingsSelectorButton {utilityMenuButton}
  [button] <email> {utilityMenuButton} opens-true
  [button] Search for Jobs {navigationItem-Search for Jobs}
  [button] Candidate Home {navigationItem-Candidate Home}
{applyFlowPage}
  [button] Back to Job Posting {backToJobPosting}
# Analyst Program - Real Estate Debt
label: completed step 1 of 5
label: My Information
label: completed step 2 of 5
label: My Experience
{progressBarActiveStep} current step 3 of 5 Application Questions
label: current step 3 of 5
label: Application Questions
label: step 4 of 5
label: Voluntary Disclosures
label: step 5 of 5
label: Review
# Application Questions
{applyFlowPrimaryQuestionsPage}
  text: BY SUBMITTING MY APPLICATION, I AFFIRM AND AGREE TO THE FOLLOWING:
  text: Note: It is unlawful in Massachusetts and some other states to require or administer a lie detector test as a condition of employment or con
  text: Barings is an equal opportunity employer. Applicants are considered and employees are treated during employment without regard to age, race,
 {formField-9ea7ee0d009d1001b1d83a40316e0000}
label: Are you at least 18 years of age?*
  [dropdown] nothing chosen #primaryQuestionnaire--9ea7ee0d009d1001b1d83a40316e0000
 {formField-9ea7ee0d009d1001b1d83a40316e0003}
label: Are you legally authorized to work in the country for the job you applied for?*
  [dropdown] nothing chosen #primaryQuestionnaire--9ea7ee0d009d1001b1d83a40316e0003
 {formField-9ea7ee0d009d1001b1d83a40316e0006}
label: Will you require sponsorship for employment in the future?*
  [dropdown] nothing chosen #primaryQuestionnaire--9ea7ee0d009d1001b1d83a40316e0006
 {formField-9ea7ee0d009d1001b1d83ad9cb540002}
label: Have you ever worked or attended school under a different name? If yes, what was that name?*
  <textarea #primaryQuestionnaire--9ea7ee0d009d1001b1d83ad9cb540002 required empty>
 {formField-9ea7ee0d009d1001b1d83ad9cb540003}
label: Are you a former employee of Barings, MassMutual or Connecticut Mutual, or affiliate?*
  [dropdown] nothing chosen #primaryQuestionnaire--9ea7ee0d009d1001b1d83ad9cb540003
 {formField-9ea7ee0d009d1001b1d83ad9cb540006}
label: What is your current GPA?*
  <textarea #primaryQuestionnaire--9ea7ee0d009d1001b1d83ad9cb540006 required empty>
 {formField-9ea7ee0d009d1001b1d83ad9cb540007}
label: What is the name of your college?*
  <textarea #primaryQuestionnaire--9ea7ee0d009d1001b1d83ad9cb540007 required empty>
 {formField-9ea7ee0d009d1001b1d83ad9cb540008}
label: What is your anticipated graduation date?*
  text: current value is MM/DD/YYYY
  <input #primaryQuestionnaire--9ea7ee0d009d1001b1d83ad9cb540008-dateS {dateSectionMonth-input} empty>
  <input #primaryQuestionnaire--9ea7ee0d009d1001b1d83ad9cb540008-dateS {dateSectionDay-input} empty>
  <input #primaryQuestionnaire--9ea7ee0d009d1001b1d83ad9cb540008-dateS {dateSectionYear-input} empty>
  [button]  {dateIcon}
 {formField-9ea7ee0d009d1001b1d83ad9cb540009}
label: What is your current class/grade level?*
  [dropdown] nothing chosen #primaryQuestionnaire--9ea7ee0d009d1001b1d83ad9cb540009
 {formField-9ea7ee0d009d1001b1d83b7395030006}
label: The Company’s anti-nepotism policy restricts the hiring of family members of an employee in certain situations
  [dropdown] nothing chosen #primaryQuestionnaire--9ea7ee0d009d1001b1d83b7395030006
 {formField-9ea7ee0d009d1001b1d83b7395030009}
label: Disclosure of previous relationships as authorized by the Dodd-Frank bill: Within the past 12 months have you 
  text: Disclosure of previous relationships as authorized by the Dodd-Frank bill:
  [dropdown] nothing chosen #primaryQuestionnaire--9ea7ee0d009d1001b1d83b7395030009
 {formField-9ea7ee0d009d1001b1d83c0d1dc00003}
label: Barings and its employees are restricted by the SEC from making certain Political Contributions. In the past 7
  text: official/candidate/political
  [dropdown] nothing chosen #primaryQuestionnaire--9ea7ee0d009d1001b1d83c0d1dc00003
 {formField-9ea7ee0d009d1001b1d83c0d1dc00006}
label: Please indicate if you are currently or have formerly been registered with a Broker/Dealer. If you have been r
  [dropdown] nothing chosen #primaryQuestionnaire--9ea7ee0d009d1001b1d83c0d1dc00006
 {formField-9ea7ee0d009d1001b1d83ca6dc090001}
label: Are you subject to any restrictive covenant, confidentiality agreement, non-disclosure agreement, non-solicita
  [dropdown] nothing chosen #primaryQuestionnaire--9ea7ee0d009d1001b1d83ca6dc090001
 {formField-9ea7ee0d009d1001b1d83ca6dc090005}
label: Have you or a close family member which includes but is not limited to: partner, spouse, sibling, parent-in-la
  [dropdown] nothing chosen #primaryQuestionnaire--9ea7ee0d009d1001b1d83ca6dc090005
 {formField-9ea7ee0d009d1001b1d83d4090df0001}
label: Do you have a "close personal relationship" (any relationship with a team member that can be construed as othe
  [dropdown] nothing chosen #primaryQuestionnaire--9ea7ee0d009d1001b1d83d4090df0001
 {formField-9ea7ee0d009d1001b1d83d4090df0004}
label: Do you have a financial, business relationship, or affiliation with KPMG or its members (partners, managers)?*
  [dropdown] nothing chosen #primaryQuestionnaire--9ea7ee0d009d1001b1d83d4090df0004
 {formField-9ea7ee0d009d1001b1d83d4090df0007}
label: I was employed by the Company’s outside audit firm in the past three years.*
  [dropdown] nothing chosen #primaryQuestionnaire--9ea7ee0d009d1001b1d83d4090df0007
  [button] Back {pageFooterBackButton}
  [button] Save and Continue {pageFooterNextButton}
# Follow Us
  [link]  {socialIcon}
  [link]  {socialIcon}
  [link] Global Job Applicant Privacy Notice {privacyLink}
  text: © 2026 Workday, Inc. All rights reserved.

=== 2026-10-07 11:33:32  skipped  2027 Blackstone Real Estate Acquisitions Analyst @ blackstone
url: https://blackstone.wd1.myworkdayjobs.com/blackstone_campus_careers/job/New-York/XMLNAME-2027-Blackstone-Real-Estate-Acquisitions-Analyst_45626/apply/applyManually
stage: Application Questions
why: can't truthfully answer required: Public Affairs & Marketing; Have you taken either of the following standardized tests: S; Political Contributions: The following questions are for leg; In the past two years, have you donated to, or engaged in vo; In the past two years, have you donated to, or engaged in vo; Are you currently involved in any other outside business act
  [link] Skip to main content {accessibilitySkipToMainContent}
  [link]  {logoLink}
  [button] English #languageSelectorButton {utilityMenuButton}
  [button] Settings #settingsSelectorButton {utilityMenuButton}
  [button] <email> {utilityMenuButton} opens-true
  [button] Search for Jobs {navigationItem-Search for Jobs}
  [button] Candidate Home {navigationItem-Candidate Home}
{applyFlowPage}
  [button] Back to Job Posting {backToJobPosting}
# 2027 Blackstone Real Estate Acquisitions Analyst
label: completed step 1 of 5
label: My Information
label: completed step 2 of 5
label: My Experience
{progressBarActiveStep} current step 3 of 5 Application Questions
label: current step 3 of 5
label: Application Questions
label: step 4 of 5
label: Voluntary Disclosures
label: step 5 of 5
label: Review
# Application Questions
{applyFlowPrimaryQuestionsPage}
 {formField-c3d5296b7e6f100106e04bed059d0000}
label: University email address
  <textarea #primaryQuestionnaire--c3d5296b7e6f100106e04bed059d0000 empty>
 {formField-cd0af66dd8c410010711639897760001}
label: Are you currently an undergraduate or Master degree student?*
  [dropdown] nothing chosen #primaryQuestionnaire--cd0af66dd8c410010711639897760001
 {formField-cd0af66dd8c4100107116e6a00f10006}
label: GPA:*
  <textarea #primaryQuestionnaire--cd0af66dd8c4100107116e6a00f10006 required empty>
 {formField-cd0af66dd8c4100107116e6a00f10007}
label: Have you taken either of the following standardized tests: SAT or ACT*
  [dropdown] nothing chosen #primaryQuestionnaire--cd0af66dd8c4100107116e6a00f10007
 {formField-cd0af66dd8c4100107116f03254e0003}
label: Are you legally authorized to work in the location in which you are applying? For U.S. hires, U.S. law require
  [dropdown] nothing chosen #primaryQuestionnaire--cd0af66dd8c4100107116f03254e0003
 {formField-cd0af66dd8c4100107116f03254e0006}
label: Will you require Blackstone to sponsor you to obtain, maintain, or extend your employment authorization and/or
  [dropdown] nothing chosen #primaryQuestionnaire--cd0af66dd8c4100107116f03254e0006
 {formField-cd0af66dd8c4100107116f9cc7270001}
label: Political Contributions: The following questions are for legal compliance purposes only. Responses generally a
  [dropdown] nothing chosen #primaryQuestionnaire--cd0af66dd8c4100107116f9cc7270001
 {formField-cd0af66dd8c4100107116f9cc7270005}
label: In the past two years, has your spouse donated to, or engaged in volunteer work for a state or local political
  [dropdown] nothing chosen #primaryQuestionnaire--cd0af66dd8c4100107116f9cc7270005
 {formField-cd0af66dd8c41001071170368f8d0001}
label: In the past two years, have you donated to, or engaged in volunteer work for a candidate for any federal offic
  [dropdown] nothing chosen #primaryQuestionnaire--cd0af66dd8c41001071170368f8d0001
 {formField-cd0af66dd8c41001071170368f8d0005}
label: In the past two years, has your spouse donated to, or engaged in volunteer work for a candidate for any federa
  [dropdown] nothing chosen #primaryQuestionnaire--cd0af66dd8c41001071170368f8d0005
 {formField-cd0af66dd8c41001071170d03b580002}
label: In the past two years, have you donated to, or engaged in volunteer work for any political party or political 
  [dropdown] nothing chosen #primaryQuestionnaire--cd0af66dd8c41001071170d03b580002
 {formField-cd0af66dd8c41001071170d03b580006}
label: In the past two years, has your spouse donated to, or engaged in volunteer work for any political party or pol
  [dropdown] nothing chosen #primaryQuestionnaire--cd0af66dd8c41001071170d03b580006
 {formField-cd0af66dd8c4100107117169e3470000}
label: Have you ever been employed by Blackstone or any of its acquired businesses?*
  [dropdown] nothing chosen #primaryQuestionnaire--cd0af66dd8c4100107117169e3470000
 {formField-cd0af66dd8c4100107117169e3470004}
label: Are any of your relatives or members of your household employed by Blackstone?*
  [dropdown] nothing chosen #primaryQuestionnaire--cd0af66dd8c4100107117169e3470004
 {formField-cd0af66dd8c41001071172039b460002}
label: Are any of your relatives or members of your household employed by Deloitte?*
  [dropdown] nothing chosen #primaryQuestionnaire--cd0af66dd8c41001071172039b460002
 {formField-cd0af66dd8c41001071172039b460005}
label: To your knowledge, does your spouse, sibling, parent(s) or child currently: (a) Serve as an employee, officer,
  [dropdown] nothing chosen #primaryQuestionnaire--cd0af66dd8c41001071172039b460005
 {formField-cd0af66dd8c41001071172039b460008}
label: Are you (or any of your relative*) (a) related to or affiliated with Blackstone and/or Blackstone personnel in
  [dropdown] nothing chosen #primaryQuestionnaire--cd0af66dd8c41001071172039b460008
 {formField-cd0af66dd8c410010711729d8cb00001}
label: Are you currently involved in any other outside business activities (e.g. board affiliations, consulting engag
  [dropdown] nothing chosen #primaryQuestionnaire--cd0af66dd8c410010711729d8cb00001
 {formField-cd0af66dd8c410010711729d8cb00005}
label: Opportunities are available in our below business groups, please select those you are most interested in apply
  <input:checkbox #9071ebeece6e1001091300ea0bae0000-cd0af66dd8c410010711729d8cb required question-unanswered>
label: Credit
  <input:checkbox #9071ebeece6e1001091301843b580000-cd0af66dd8c410010711729d8cb required question-unanswered>
label: Finance
  <input:checkbox #9071ebeece6e1001091301843b580001-cd0af66dd8c410010711729d8cb required question-unanswered>
label: Growth
  <input:checkbox #9071ebeece6e1001091301843b580002-cd0af66dd8c410010711729d8cb required question-unanswered>
label: Hedge Fund Solutions
  <input:checkbox #9071ebeece6e10010913021d66040000-cd0af66dd8c410010711729d8cb required question-unanswered>
label: Human Resources
  <input:checkbox #9071ebeece6e10010913021d66040001-cd0af66dd8c410010711729d8cb required question-unanswered>
label: Infrastructure
  <input:checkbox #9071ebeece6e10010913021d66040002-cd0af66dd8c410010711729d8cb required question-unanswered>
label: Institutional Client Solutions
  <input:checkbox #9071ebeece6e1001091302b7ae540000-cd0af66dd8c410010711729d8cb required question-unanswered>
label: Insurance Solutions
  <input:checkbox #9071ebeece6e1001091302b7ae540001-cd0af66dd8c410010711729d8cb required question-unanswered>
label: Legal & Compliance
  <input:checkbox #9071ebeece6e1001091302b7ae540002-cd0af66dd8c410010711729d8cb required question-unanswered>
label: Life Sciences
  <input:checkbox #9071ebeece6e10010913035228df0000-cd0af66dd8c410010711729d8cb required question-unanswered>
label: Portfolio Operations
  <input:checkbox #9071ebeece6e10010913035228df0001-cd0af66dd8c410010711729d8cb required question-unanswered>
label: Private Equity
  <input:checkbox #9071ebeece6e10010913035228df0002-cd0af66dd8c410010711729d8cb required question-unanswered>
label: Private Wealth Management
  <input:checkbox #9071ebeece6e1001091303ed7f420000-cd0af66dd8c410010711729d8cb required question-unanswered>
label: Public Affairs & Marketing
  <input:checkbox

=== 2026-10-07 11:33:43  blocked  Assistant Operations Manager @ sp-sp-plus
url: https://www.builtinla.com/job/assistant-operations-manager/11529770
why: could not find the employer's application page
(dialog)
  text: We and our third-party partners use cookies and similar technologies as described in our Privacy Policy. By clicking 'Accept,' you agree to 
  [button] Accept
  [button] Reject
  [button] LOS ANGELES
  [button] 
  [button] FOR EMPLOYERS
  text: Assistant Operations Manager
# SP+ (SP Plus)
# Assistant Operations Manager
  text: Assists with daily parking location operations, including supervising frontline staff, scheduling, customer service, cash handling, bank dep
  text: The summary above was generated by AI
  text: SP+, a Metropolis company, is an artificial intelligence company for the real world. We use computer vision to enable checkout-free parking 
  text: We are the largest parking network in America, with over 23,000 employees powering mobility at over 4,000 locations across North America and
  text: Today, we are reinventing parking. Because it’s important, it's everywhere and impacts everyone. Tomorrow, we will power checkout-free exper
  text: Must be bilingual (Spanish)
  text: Participate in programs to improve client and customer satisfaction.
  text: Engage in the development of property level financial and operational goals.
  text: Assist in the management of day-to-day activities of the assigned locations including: ensuring appropriate customer interaction, supervisin
  text: Courteously assist Customers by answering any questions they may have.
  text: Assist in the maintenance and repair of parking equipment and any general maintenance tasks as directed by the Facility Manager.
  text: Report any known accidents, observed or suspected violations of Company policy, safety hazards or any unusual occurrence to the Facility Man
  text: Assist with cleanup of debris, water, oil spills and etc.
  text: Have a thorough knowledge of all areas of the garage, thorough knowledge of the major streets, landmarks and freeways in the area of the gar
  text: Assist Facility Manager with other duties as needed.
  text: To perform this job successfully, an individual must be able to perform each essential duty satisfactorily. The requirements listed below ar
  text: Education/Experience Required
  text: While performing the duties of this job, the employee is regularly required to stand; walk; and use hands to handle cash and equipment. The 
  text: SP+ is an equal opportunity employer committed in policy and practice to recruit, hire, train, and promote, in all job classifications, with
  text: SP+, a Metropolis Company, may utilize an automated employment decision tool (AEDT) to assess or evaluate your candidacy for employment or p
  text: As part of this process, SP+ retains data relevant to your candidacy, including personal information, for a period that is reasonably necess
  text: If you are an applicant to a New York City job posting and wish to request an alternative selection process accommodation or have questions 
  [button] Read Full Description
# SP+ (SP Plus) Costa Mesa, California, USA Office
  text: 600 Anton Blvd, Costa Mesa, CA, United States, 92626
<iframe https://www.google.com/maps/embed/v1/search>
# SP+ (SP Plus) Los Angeles, California, USA Office
  text: 3470 Wilshire Blvd, Los Angeles, CA, United States, 90010
<iframe https://www.google.com/maps/embed/v1/search>
# SP+ (SP Plus) Santa Ana, California, USA Office
  text: 310 N Birch Street, Santa Ana, CA, United States, 92701
<iframe https://www.google.com/maps/embed/v1/search>
# SP+ (SP Plus) Santa Monica, California, USA Office
  text: Santa Monica, United States
<iframe https://www.google.com/maps/embed/v1/search>
# Similar Jobs
# Operations Manager
  [button] 
# Operations Manager
  [button] 
# Operations Manager
  [button] 
# What you need to know about the Los Angeles Tech Scene
# Key Facts About Los Angeles Tech
  text: Number of Tech Workers: 375,800; 5.5% of overall workforce (2024 CompTIA survey)
  text: Major Tech Employers: Snap, Netflix, SpaceX, Disney, Google
  text: Funding Landscape: $11.6 billion in venture capital funding in 2024 (Pitchbook)
  text: Notable Investors: Strong Ventures, Fifth Wall, Upfront Ventures, Mucker Capital, Kittyhawk Ventures
  text: Research Centers and Universities: California Institute of Technology, UCLA, University of Southern California, UC Irvine, Pepperdine, Calif
  <input:text #first-name required empty>
  <input:text #last-name required empty>
  <input:text #user-email required empty>
  [button] CONTINUE disabled
  text: share your profile information
  text: Become an Expert Contributor
  text: © 2026 Built In. All rights reserved.
  text: Learning Lab User Agreement
  text: Your Privacy Choices/Cookie Settings

=== 2026-10-07 11:33:52  blocked  CTS Operations Analyst 6PM-6AM CST @ cdw
url: https://www.builtincolorado.com/job/cts-operations-analyst-6pm-6am-cst/11539761
why: could not find the employer's application page
(dialog)
  text: We and our third-party partners use cookies and similar technologies as described in our Privacy Policy. By clicking 'Accept,' you agree to 
  [button] Accept
  [button] Reject
  [button] COLORADO
  [button] 
  [button] FOR EMPLOYERS
  text: CTS Operations Analyst 6PM-6AM CST
# CDW
# CTS Operations Analyst 6PM-6AM CST
  text: Monitors managed-services technologies, provides tier-1 customer and help-desk support, investigates incidents, documents issues, escalates 
  text: The summary above was generated by AI
  [button] Read Full Description
# Similar Jobs at CDW
# Business Development Manager
  [button] 
# Manager, Engineering, Managed Services - AIX, Unix & Linux
  [button] 
# Business Development Manager
  [button] 
# What you need to know about the Colorado Tech Scene
# Key Facts About Colorado Tech
  text: Number of Tech Workers: 260,000; 8.5% of overall workforce (2024 CompTIA survey)
  text: Major Tech Employers: Lockheed Martin, Century Link, Comcast, BAE Systems, Level 3
  text: Funding Landscape: $4.9 billion in VC funding in 2024 (Pitchbook)
  text: Notable Investors: Access Venture Partners, Ridgeline Ventures, Techstars, Blackhorn Ventures
  text: Research Centers and Universities: Colorado School of Mines, University of Colorado Boulder, University of Denver, Colorado State University
  <input:text #first-name required empty>
  <input:text #last-name required empty>
  <input:text #user-email required empty>
  [button] CONTINUE disabled
  text: share your profile information
  text: Become an Expert Contributor
  text: © 2026 Built In. All rights reserved.
  text: Learning Lab User Agreement
  text: Your Privacy Choices/Cookie Settings

=== 2026-10-07 11:33:59  blocked  Branch Operations Associate Manager Palms @ wells-fargo
url: https://www.builtinla.com/job/branch-operations-associate-manager-palms/11494139
why: could not find the employer's application page
(dialog)
  text: We and our third-party partners use cookies and similar technologies as described in our Privacy Policy. By clicking 'Accept,' you agree to 
  [button] Accept
  [button] Reject
  [button] LOS ANGELES
  [button] 
  [button] FOR EMPLOYERS
  text: Branch Operations Associate Manager Palms
# Wells Fargo
# Branch Operations Associate Manager Palms
  text: Leads teller-line operations, risk controls, scheduling, customer service, issue resolution, compliance, and team performance at a Wells Far
  text: The summary above was generated by AI
  text: Lead and supervise risk and the operations of teller functions to deliver exceptional customer service and colleague experience, and ensure 
  text: Provide feedback and present ideas for improving customer service and colleague experience, and related performance management process and t
  text: Perform operational and customer support tasks
  text: Provide excellent customer service, engage customers in conversations, and build relationships with them
  text: Manage the schedule and the daily operations of the teller line
  text: Make decisions and resolve issues related to daily operations of the teller line, under direction of regional banking management
  text: Leverage interpretation of applicable regulations, policy and procedure requirements, and audit and escalation procedures
  text: Support customers and employees in resolving or escalating concerns or complaints
  text: Collaborate and consult with branch employees, colleagues, and mid-level managers
  text: Interact directly with customers
  text: Coach, motivate, and develop a diverse team of direct reports to achieve full potential and meet established business objectives
  text: Manage allocation of people and financial resources for branch operations
  text: Mentor and guide talent development of direct reports and assist in hiring talent
  text: This LO position has customer contact and job duties which may include needs assessing and referring those customers interested in a dwellin
  text: 2+ years of experience assessing and meeting the needs of customers or helping with issue resolution, or equivalent demonstrated through one
  text: 1+ years of Leadership experience
  text: Leadership skills including the ability to build, develop, and motivate a diverse work team
  text: Ability to provide strong customer service while listening, eliciting information efficiently, comprehending, and resolving complex customer
  text: Customer service, operations, or financial services management experience within a high volume, fast-paced and constantly changing environme
  text: Ability to educate and connect customers to technology and share the value of mobile banking options
  text: Ability to interact with integrity and professionalism with customers and employees
  text: Knowledge and understanding of laws and regulations pertaining to the banking industry
  text: Knowledge and understanding of retail compliance controls, risk management, and loss prevention
  text: Ability to work effectively under pressure, meet deadlines, exercise independent judgment, and use critical thinking skills
  text: Relevant military experience including working with military protocol and instructions, enlisted evaluations, officer/leadership reporting
  text: Relevant military experience including working in personnel benefits management, processing military personnel orders or transitions, wartim
  text: Ability to work a schedule that may include most Saturdays
  text: Individuals in Loan Originator (LO) positions must meet the Consumer Financial Protection Bureau qualification requirements and comply with 
  text: This position is not eligible for Visa sponsorship
  text: 11116 Palms Blvd., Los Angeles, CA 90034
  text: Life insurance, critical illness insurance, and accident insurance
  text: Scholarships for dependent children
  text: * Job posting may come down early due to volume of applicants.
  text: We Value Equal Opportunity
  text: Applicants with Disabilities
  text: Wells Fargo Recruitment and Hiring Requirements:
  [button] Read Full Description
# Similar Jobs at Wells Fargo
# Senior Branch Premier Banker-Millbrae
  [button] 
# Merchant Services Partner Channel Sales Leader
  [button] 
# Senior Premier Banker Route 66 District
  [button] 
# What you need to know about the Los Angeles Tech Scene
# Key Facts About Los Angeles Tech
  text: Number of Tech Workers: 375,800; 5.5% of overall workforce (2024 CompTIA survey)
  text: Major Tech Employers: Snap, Netflix, SpaceX, Disney, Google
  text: Funding Landscape: $11.6 billion in venture capital funding in 2024 (Pitchbook)
  text: Notable Investors: Strong Ventures, Fifth Wall, Upfront Ventures, Mucker Capital, Kittyhawk Ventures
  text: Research Centers and Universities: California Institute of Technology, UCLA, University of Southern California, UC Irvine, Pepperdine, Calif
  <input:text #first-name required empty>
  <input:text #last-name required empty>
  <input:text #user-email required empty>
  [button] CONTINUE disabled
  text: share your profile information
  text: Become an Expert Contributor
  text: © 2026 Built In. All rights reserved.
  text: Learning Lab User Agreement
  text: Your Privacy Choices/Cookie Settings

=== 2026-10-07 11:34:42  skipped  Investment Analyst Program (IAP) 2027 @ prologis
url: https://prologis.wd5.myworkdayjobs.com/Prologis_External_Careers/job/San-Francisco-California/Investment-Analyst-Program--IAP--2027_R6785/apply/applyManually
stage: Application Questions 1 of 2
why: can't truthfully answer required: Prologis uses HiredScore, an AI-enabled tool provided by a t
  [link] Skip to main content {accessibilitySkipToMainContent}
  [link]  {logoLink}
  [button] Settings #settingsSelectorButton {utilityMenuButton}
  [button] <email> {utilityMenuButton} opens-true
  [button] Search for Jobs {navigationItem-Search for Jobs}
  [button] Candidate Home {navigationItem-Candidate Home}
{applyFlowPage}
  [button] Back to Job Posting {backToJobPosting}
# Investment Analyst Program (IAP) 2027
label: completed step 1 of 7
label: My Information
label: completed step 2 of 7
label: My Experience
{progressBarActiveStep} current step 3 of 7 Application Questions 1 of 2
label: current step 3 of 7
label: Application Questions 1 of 2
label: step 4 of 7
label: Application Questions 2 of 2
label: step 5 of 7
label: Voluntary Disclosures
label: step 6 of 7
label: Self Identify
label: step 7 of 7
label: Review
# Application Questions 1 of 2
{applyFlowPrimaryQuestionsPage}
 {formField-41cc61510ece10010ae644a13fdf0000}
label: Are you legally authorized to work in the country where this position is located?*
  [dropdown] nothing chosen #primaryQuestionnaire--41cc61510ece10010ae644a13fdf0000
 {formField-41cc61510ece10010ae6466f54300001}
label: Will you now or in the future require sponsorship for employment visa status (e.g., H-1B visa status)?
  [dropdown] nothing chosen #primaryQuestionnaire--41cc61510ece10010ae6466f54300001
 {formField-41cc61510ece10010ae647097a520002}
label: Do you have any personal and/or familial relationship with any current Prologis employee or any member of its 
# Do you have any personal and/or familial relationship with any current Prologis employee or any member of its 
  [dropdown] nothing chosen #primaryQuestionnaire--41cc61510ece10010ae647097a520002
 {formField-41cc61510ece10010ae647a3dcc20003}
label: What are your compensation expectations?
  <textarea #primaryQuestionnaire--41cc61510ece10010ae647a3dcc20003 empty>
 {formField-41cc61510ece10010ae6483e75000000}
label: Prologis uses HiredScore, an AI-enabled tool provided by a third-party vendor (HiredScore, Inc.), to help our 
  text: HiredScore is used to assist, not replace, human judgment. It does not make hiring decisions. Prologis hiring teams review applications and 
  text: To support this process, certain application information you submit to Prologis is shared with HiredScore, Inc. in its capacity as a third-p
  text: You may opt out of AI-assisted review. If you opt out, your application will be reviewed through an alternative (manual) process using the s
  text: Depending on where you live, you may have additional rights under applicable law to access, correct, delete, or restrict certain processing 
  text: Candidate Privacy Statement
  text: Additional information about Prologis' use of HiredScore, including available audit materials and bias audit results where required by appli
  [dropdown] nothing chosen #primaryQuestionnaire--41cc61510ece10010ae6483e75000000
  [button] Back {pageFooterBackButton}
  [button] Save and Continue {pageFooterNextButton}
# Follow Us
  [link]  {socialIcon}
  [link]  {socialIcon}
  [link]  {socialIcon}
  [link] Privacy Policy {privacyLink}
  text: © 2026 Workday, Inc. All rights reserved.

=== 2026-10-07 11:34:59  skipped  Capital Markets Analyst – Loan Trading @ pathwardcareerfair
url: https://job-boards.greenhouse.io/pathwardcareerfair/jobs/6186924004
stage: page 1
why: can't truthfully answer required: Will you now or in the future require Pathward to sponsor yo; Have you informed your current manager about applying to thi; We are excited to learn more about you! Please share what in
# Capital Markets Analyst – Loan Trading
  [button] Apply
  text: Join Pathward and Empower Your Future!
  text: We are a hybrid, remote-office company dedicated to growing talent from anywhere!
  text: Responsible for assisting in building the Capital Markets Whole Loan Trading platform and for developing, structuring and executing strategi
  text: Assist in building and leading the bank’s Capital Markets Whole Loan Trading platform.
  text: Provides analytical and operational support in managing the bank’s Secondary Whole Loan Trading business.
  text: Leads day-to-day Loan Trading operations and reporting responsibilities.
  text: Assist in the evaluation, structuring and execution of potential new Capital Markets structured finance transactions including securitizatio
  text: Assist in driving execution with top investment banks, insurance companies, hedge funds, credit funds and private institutional investors to
  text: Assist in developing and enhancing relationships with capital sources, institutional investors, rating agencies and law firms.
  text: Prepare investor due diligence information to position Pathwards assets in the Capital Markets.
  text: Responsible for designing, building and scaling the operational framework for the banks Whole Loan Trading platform.
  text: Assist the Capital Markets Data Analytics team in developing financial models relating to asset performance and pricing.
  text: Manage day-to-day communication and due diligence requests from capital market partners.
  text: Develop and maintain investor reporting requirements, surveillance, internal dashboard reporting and Monthly Business reviews.
  text: Develop and update marketing material for prospective investors.
  text: Create and maintain investor databases and transaction comparables.
  text: Identify and implement new concepts, best practices and approaches related to Capital Markets reporting and operational & credit risk manage
  text: Assist in overseeing all third-party Capital Markets financial and operational audits.
  text: Support the Chief Investment Officer and Head of Capital Markets in other assigned tasks.
  text: Bachelor's degree in Finance or related field
  text: Working towards an MBA and or CFA a plus
  text: 0 – 2 years of experience in Whole Loan Acquisitions / Divestitures, Debt Capital Markets, Structured Finance, Specialty Lending and / or In
  text: Recent College graduates will be considered.
  text: Outstanding communication skills and ability to articulate investment merits to potential capital partners
  text: Communication skills (verbal and written)
  text: The responsibilities listed above are not all inclusive and may be changed at any time.
  text: Salary range: $60,000 – $100,500
  text: Don’t have everything listed under qualifications? If you’re excited about this role but your
  text: experiences don’t match exactly to everything in the posting, we encourage you to apply
  text: anyway. You may be just the right candidate for this or other Pathward roles. Pathward is
  text: an equal employment opportunity employer and considers candidates for roles without regard
  text: to their race, sex, national origin, ethnicity, age, disability or any other category protected by
  text: Our commitment to inclusion is woven into our DNA. We believe that we are strongest when we embrace the voices of our employees, customers, 
  text: We provide equal employment opportunities (EEO) to all employees and applicants for employment without regard to race, color, ethnicity, rel
  text: Applications will be accepted for a minimum of 3 days after posting, and there is no predetermined date by which applications should be subm
# Knowingly submitting false information will result in disqualification for consideration of future positions, 
# Candidate Scam Warning
  text: https://www.pathward.com/about-us/people-culture/careers/
  text: Interested in building your career at Pathward, Career Fairs ? Get future opportunities sent straight to your email.
# Apply for this job
  text: indicates a required field
  [button] Autofill my application
label: First Name*
  <input:text #first_name required empty>
label: Last Name*
  <input:text #last_name required empty>
label: Preferred First Name
  <input:text #preferred_name empty>
label: Email*
  <input:text #email required empty>
label: Phone
label: Country
  <input:text #country empty>
  [button] 
  <input:tel #phone empty>
  [button] Attach
label: Attach
  <input:file #resume no-file>
  [button] Dropbox
  [button] Google Drive
  [button] Enter manually
label: Enter manually
  text: Accepted file types: pdf, doc, docx, txt, rtf
  [button] Attach
  <input:file #cover_letter no-file>
  [button] Dropbox
  [button] Google Drive
  [button] Enter manually
label: LinkedIn Profile
  <input:text #question_19929353004 empty>
label: Website
  <input:text #question_19929354004 empty>
label: Address*
  <input:text #question_19941988004 required empty>
label: City*
  <input:text #question_19941989004 required empty>
label: State*
  <input:text #question_19941990004 required empty>
  [button] 
  <input required empty>
label: Zip Code*
  <input:text #question_19941991004 required empty>
label: Are you authorized to work in the United States?*
  <input:text #question_19941992004 required empty>
  [button] 
  <input required empty>
label: Will you now or in the future require Pathward to sponsor you for an employment-based visa or participate in a
  <input:text #question_19941993004 required empty>
  [button] 
  <input required empty>
label: Have you informed your current manager about applying to this role?*
  <input:text #question_19941994004 required empty>
  [button] 
  <input required empty>
  <input:text #question_19941995004 empty>
label: Please provide your LinkedIn profile
  <input:text #question_19941996004 empty>
label: Please indicate your minimum salary requirements. If this job does not meet your minimum salary requirements, 
  <input:text #question_19941997004 required empty>
label: We are excited to learn more about you! Please share what initially sparked your interest in this role and how
  <textarea #question_19941998004 required empty>
  [button] Submit application
<iframe https://www.recaptcha.net/recaptcha/enterprise/anchor>

=== 2026-10-07 11:35:21  blocked  Associate, Treasury @ gersonlehrmangroup
url: https://glginsights.com/careers/jobs/8003990003
why: no application form found on page
# glginsights.com
# Performing security verification
  text: This website uses a security service to protect against malicious bots. This page is displayed while the website verifies you are not a bot.

=== 2026-10-07 11:37:12  skipped  Associate Professional, Financial Solutions Rep @ ingrammicro
url: https://ingrammicro.wd5.myworkdayjobs.com/ingrammicro/job/Buffalo-NY-United-States-of-America/Associate-Professional--Financial-Solutions-Rep_R-117770/apply/applyManually
stage: Application Questions
why: can't truthfully answer required: Do you consent to the use of automated tools to analyze and ; What is your Preferred Language?*; What is your Preferred Contact method?*
  [link] Skip to main content {accessibilitySkipToMainContent}
  [link]  {logoLink}
  [button] English #languageSelectorButton {utilityMenuButton}
  [button] Settings #settingsSelectorButton {utilityMenuButton}
  [button] <email> {utilityMenuButton} opens-true
  [button] Home {navigationItem-Home}
  [button] Search for Jobs {navigationItem-Search for Jobs}
  [button] Candidate Home {navigationItem-Candidate Home}
  [button] Job Alerts {navigationItem-Job Alerts}
{applyFlowPage}
  [button] Back to Job Posting {backToJobPosting}
# Associate Professional, Financial Solutions Rep
label: completed step 1 of 6
label: My Information
label: completed step 2 of 6
label: My Experience
{progressBarActiveStep} current step 3 of 6 Application Questions
label: current step 3 of 6
label: Application Questions
label: step 4 of 6
label: Voluntary Disclosures
label: step 5 of 6
label: Self Identify
label: step 6 of 6
label: Review
# Application Questions
{applyFlowPrimaryQuestionsPage}
  text: In accordance with your communication preferences, which may be by SMS or other mobile device messaging platforms, messaging and data rates 
 {formField-38c9e71adf221001fddeddc5409f0000}
label: Are you comfortable with Ingram Micro using Artificial Intelligence to evaluate your profile for future job op
  [dropdown] nothing chosen #primaryQuestionnaire--38c9e71adf221001fddeddc5409f0000
 {formField-38c9e71adf221001fddedef8a9cf0000}
label: Do you consent to the use of automated tools to analyze and rank your application against the specific require
  [dropdown] nothing chosen #primaryQuestionnaire--38c9e71adf221001fddedef8a9cf0000
 {formField-38c9e71adf221001fdba9cbd70ca0000}
label: What is your desired compensation (USD)?*
  <input:text #primaryQuestionnaire--38c9e71adf221001fdba9cbd70ca0000 required empty>
 {formField-38c9e71adf221001fdba9cbd70ca0001}
label: What is your highest level of completed education?*
  [dropdown] nothing chosen #primaryQuestionnaire--38c9e71adf221001fdba9cbd70ca0001
 {formField-38c9e71adf221001fdba9d57221d0005}
label: Are you a party to any non-compete agreement?*
  [dropdown] nothing chosen #primaryQuestionnaire--38c9e71adf221001fdba9d57221d0005
 {formField-38c9e71adf221001fdba9df0d6980002}
label: Have you worked for Ingram Micro before?*
  [dropdown] nothing chosen #primaryQuestionnaire--38c9e71adf221001fdba9df0d6980002
 {formField-38c9e71adf221001fdba9df0d6980005}
label: Are you authorized to work lawfully in the United States?*
  [dropdown] nothing chosen #primaryQuestionnaire--38c9e71adf221001fdba9df0d6980005
 {formField-38c9e71adf221001fdba9df0d6980008}
label: Will you now or in the future require sponsorship for an immigration-related employment benefit (i.e.: H-1B vi
  [dropdown] nothing chosen #primaryQuestionnaire--38c9e71adf221001fdba9df0d6980008
 {formField-38c9e71adf221001fdba9e8a90ea0002}
label: What is your Preferred Language?*
  [dropdown] nothing chosen #primaryQuestionnaire--38c9e71adf221001fdba9e8a90ea0002
 {formField-38c9e71adf221001fdba9e8a90ea0008}
label: What is your Preferred Contact method?*
  [dropdown] nothing chosen #primaryQuestionnaire--38c9e71adf221001fdba9e8a90ea0008
  [button] Back {pageFooterBackButton}
  [button] Save and Continue {pageFooterNextButton}
# Follow Us
  [link]  {socialIcon}
  [link]  {socialIcon}
  [link]  {socialIcon}
  [link]  {socialIcon}
  [link]  {socialIcon}
  [link] Ingram Micro Privacy Statement and Notice at Collection For  {privacyLink}
  text: © 2026 Workday, Inc. All rights reserved.

=== 2026-10-07 11:38:13  skipped  2027 Enterprise Operations Development Program- Homeowner Assistance Center  (LM Controls, System Admin and Portfolio Reporting) @ mtb
url: https://mtb.wd5.myworkdayjobs.com/campus/job/Getzville-NY/XMLNAME-2027-Enterprise-Operations-Development-Program--Homeowner-Assistance-Center---LM-Controls--System-Admin-and-Portfolio-Reporting-_R8972
stage: Application Questions
why: can't truthfully answer required: Have you ever been involuntarily discharged (excluding workf; If employed by M&T Bank, do you intend to hold a position wi
  [link] Skip to main content {accessibilitySkipToMainContent}
  [button] Settings #settingsSelectorButton {utilityMenuButton}
  [button] <email> {utilityMenuButton} opens-true
  [button] Search for Jobs {navigationItem-Search for Jobs}
  [button] Candidate Home {navigationItem-Candidate Home}
{applyFlowPage}
  [button] Back to Job Posting {backToJobPosting}
# 2027 Enterprise Operations Development Program- Homeowner Assistance Center (LM Controls, System Admin and Por
label: completed step 1 of 5
label: My Information
label: completed step 2 of 5
label: My Experience
{progressBarActiveStep} current step 3 of 5 Application Questions
label: current step 3 of 5
label: Application Questions
label: step 4 of 5
label: Voluntary Disclosures
label: step 5 of 5
label: Review
# Application Questions
{applyFlowPrimaryQuestionsPage}
  text: Please complete these standard questions as part of our employment application process.
 {formField-34d692e4095e018bff1c3764de12ab0c}
label: Will you now or in the future require sponsorship for employment visa status (e.g. CPT/OPT , TN-1 , or H1-B vi
  [dropdown] nothing chosen #primaryQuestionnaire--34d692e4095e018bff1c3764de12ab0c
 {formField-34d692e4095e01d0f4593764de12b00c}
label: Are you legally eligible to work in the country to which you are applying?*
  [dropdown] nothing chosen #primaryQuestionnaire--34d692e4095e01d0f4593764de12b00c
 {formField-34d692e4095e011db9913764de12b50c}
label: Are you at least 18 years old?*
  [dropdown] nothing chosen #primaryQuestionnaire--34d692e4095e011db9913764de12b50c
 {formField-34d692e4095e01a6c1b63764de12b80c}
label: Do you have any FINRA registrations , state insurance licenses and/or designations ( i.e. Series 6, Life and H
  [dropdown] nothing chosen #primaryQuestionnaire--34d692e4095e01a6c1b63764de12b80c
 {formField-34d692e4095e01a1e5cb3764de12bb0c}
label: Do you have a relative or significant other that works for M&T or any of its subsidiaries?*
  [dropdown] nothing chosen #primaryQuestionnaire--34d692e4095e01a1e5cb3764de12bb0c
 {formField-34d692e4095e01c596033864de12bf0c}
label: Have you previously done work for M&T, its subsidiaries, or affiliates , or prior banks acquired by M&T as an 
  [dropdown] nothing chosen #primaryQuestionnaire--34d692e4095e01c596033864de12bf0c
 {formField-34d692e4095e0101f9213864de12c30c}
label: Are you obligated under any contract, agreement or understanding of a previous employer or otherwise, that cou
  [dropdown] nothing chosen #primaryQuestionnaire--34d692e4095e0101f9213864de12c30c
 {formField-34d692e4095e011fde353864de12c60c}
label: Have you ever been involuntarily discharged (excluding workforce restructures) or asked to resign from a posit
  [dropdown] nothing chosen #primaryQuestionnaire--34d692e4095e011fde353864de12c60c
 {formField-34d692e4095e01b5d9493864de12c90c}
label: If employed by M&T Bank, do you intend to hold a position with any outside entity (i.e. serving on the board o
  [dropdown] nothing chosen #primaryQuestionnaire--34d692e4095e01b5d9493864de12c90c
 {formField-34d692e4095e0155ff5d3864de12cc0c}
label: Have you ever served as a public official or been employed by a governmental body or agency (federal , state o
  [dropdown] nothing chosen #primaryQuestionnaire--34d692e4095e0155ff5d3864de12cc0c
  [button] Back {pageFooterBackButton}
  [button] Save and Continue {pageFooterNextButton}
  text: © 2026 Workday, Inc. All rights reserved.

=== 2026-10-07 11:38:53  blocked  AVP, Investment Operations @ fortitudegroupholdingsllc
url: https://app.careerpuck.com/job-board/fortitudegroupholdingsllc/job/5242271007
why: no application form found on page
# AVP, Investment Operations
  [button] Apply
  text: AVP, Investment Operations
  text: with a strong emphasis on data integrity, control discipline, and operational scalability. This individual will be a critical part of the in
  text: This role will be based remotely.
  text: Support the onboarding of new reinsurance deals into the Investments Operational infrastructure, driving standardization and process improve
  text: Manage the onboarding of new asset managers and their integration onto Fortitude-Re platform (e.g. funds, separately managed accounts, direc
  text: Support onboarding and due diligence of new investment vehicles, managers and operational setups.
  text: Develop deep relationships with our external managers, custodians, and administrators serving as a key contact for proactively resolving ope
  text: Investment Lifecycle Support
  text: Oversee all processes for private credit investments including funded/unfunded commitments, delay-draw facilities CML, RML and structured no
  text: Own post trade operations and settlement workflow by collaborating closely with custodians, administrators, and counterparties, proactively 
  text: Coordinate capital calls and distributions with fund administrators and cash management teams. Monitor liquidity requirements for funds and 
  text: Identify process gaps and implement scalable solutions to support business growth.
  text: Controls Process and Documentation
  text: Review and maintain standard procedures across multiple functions.
  text: Oversee control processes and drive operational excellence.
  text: Own and enhance KPI framework and metrics to proactively identify issues and drive process and control improvements.
  text: Work closely with our Data team to leverage data architecture improvements.
  text: Lead and review the development of automated reports and dashboards to facilitate the management of the investment portfolio and the sharing
  text: Cross Functional Collaboration
  text: Act as a trusted operational resource to investment professionals, providing guidance on structuring, operational feasibility, and execution
  text: Serve as the bridge between investment professionals, legal, treasury, accounting, and external administrators.
  text: Provide operational insights to support investment decision-making and portfolio construction.
  text: Address ad-hoc inquiries relating to data, investment activities, etc.
  text: Mentor junior analysts and contribute to team knowledge sharing and best practices.
  text: Bachelor's degree preferably in Finance, Accounting, Economics, or a related field.
  text: 7+ years of investment operations, fund accounting, Middle Office, and/or asset management processes.
  text: Strong working knowledge of Fixed Income securities and Strong experience with private credit, private equity, real assets, or structured/il
  text: Exposure to insurance or reinsurance investment portfolios, statutory reporting, or regulated asset managers strongly preferred.
  text: Excellent communication and organizational skills with the ability to manage multiple priorities under tight deadlines and highly collaborat
  text: Strong analytical and critical thinking skills with the ability to exercise sound judgment.
  text: Highly organized, meticulous, and comfortable operating in a fast-paced, evolving environment.
  text: At Fortitude Re, our strength has always come from our people. Our success is deeply rooted in our ability to embrace the unique attributes,
  text: We are committed to being an equal opportunity employer and evaluate qualified applicants without regard to race, color, religion, sex, preg
  text: To all recruitment agencies
  text: : Unless you have been requested to work on this position, or other positions with Fortitude Re, please do not forward any resumes to Fortit
  text: About Fortitude Re (youtube.com)
  text: The base salary range for this role is listed below and will be commensurate with candidate experience. Pay ranges for candidates may differ
  text: Base Salary Range: $145,000 - $165,000
  <input empty>
  text: Please enter a valid email
  [button] Start application →
  text: Jessica, Vice President, Investment Strategy
  [button] 
  [button]  opens-menu
  [button] Meet Jessica 00:24
  [button] Why Fortitude? 00:29
  [button] What is your favorite benefit? 00:47
  [button] How have you grown at Fortitude? 00:45
  [button] Describe the team culture 00:30
  [button] Any career advice for your younger self? 00:39
  [button] What do you like to do outside of work? 00:19
  [button] Show more
  [button] 
  [button]  opens-menu
  [button] Meet Alon 00:21
  [button] Why did you join Fortitude Re? 00:33
  [button] What makes a great teammate at Fortitude Re? 00:12
  [button] Describe the Fortitude Re culture 00:45
  [button] Describe your experience as CEO 00:21
  [button] What would you say to someone considering working for Fortit
  [button] Career advice to your younger self? 00:21
  [button] What do you like to do outside of work? 00:13
  [button] Lightning Round 00:20
  [button] Show more

=== 2026-10-07 11:42:55  skipped  Floating Leasing Professional @ greystar
url: https://greystar.wd1.myworkdayjobs.com/External/job/Forge-Apartments-Denver-CO/Floating-Leasing-Professional---Forge_R0200025/apply/applyManually
stage: Application Questions
why: can't truthfully answer required: What is your primary spoken language?*; Please provide your Birth Month and Birth Day (e.g. 11/18). ; Please provide the last four digits of your Social Security ; Are you available to work overtime if needed?*; Are you available to work weekends if needed?*; Are you available to work on-call, if needed?*
  [link] Skip to main content {accessibilitySkipToMainContent}
  [link]  {logoLink}
  [button] English #languageSelectorButton {utilityMenuButton}
  [button] Settings #settingsSelectorButton {utilityMenuButton}
  [button] <email> {utilityMenuButton} opens-true
  [button] Careers Home {navigationItem-Careers Home}
  [button] Candidate Home {navigationItem-Candidate Home}
  [button] Job Alerts {navigationItem-Job Alerts}
{applyFlowPage}
  [button] Back to Job Posting {backToJobPosting}
# Floating Leasing Professional
label: completed step 1 of 6
label: My Information
label: completed step 2 of 6
label: My Experience
{progressBarActiveStep} current step 3 of 6 Application Questions
label: current step 3 of 6
label: Application Questions
label: step 4 of 6
label: Voluntary Disclosures
label: step 5 of 6
label: Self Identify
label: step 6 of 6
label: Review
# Application Questions
{applyFlowPrimaryQuestionsPage}
 {formField-f35f0aebbd0f100970576ab9f21a0000}
label: Are you currently employed by Greystar?*
  [dropdown] nothing chosen #primaryQuestionnaire--f35f0aebbd0f100970576ab9f21a0000
 {formField-f35f0aebbd0f100970576ab9f21a0003}
label: Are you a Former Greystar Team Member?*
  [dropdown] nothing chosen #primaryQuestionnaire--f35f0aebbd0f100970576ab9f21a0003
 {formField-f35f0aebbd0f100970576ab9f21a0007}
label: Are you legally eligible to work in the country to which you are applying?*
  [dropdown] nothing chosen #primaryQuestionnaire--f35f0aebbd0f100970576ab9f21a0007
 {formField-f35f0aebbd0f100970576b5393f10002}
label: Will you now or in the future require sponsorship by Greystar in order for us to employ (or continue to employ
  [dropdown] nothing chosen #primaryQuestionnaire--f35f0aebbd0f100970576b5393f10002
 {formField-f35f0aebbd0f100970576b5393f10006}
label: Do you meet the minimum requirements for the job, as outlined in the Job Description?*
  [dropdown] nothing chosen #primaryQuestionnaire--f35f0aebbd0f100970576b5393f10006
 {formField-f35f0aebbd0f100970576b5393f10009}
label: Are you able to perform all essential functions of the position you are applying to with or without reasonable
  [dropdown] nothing chosen #primaryQuestionnaire--f35f0aebbd0f100970576b5393f10009
 {formField-f35f0aebbd0f100970576bed2afa0001}
label: If hired, will you be at least 18 years old when you start work with Greystar?*
  [dropdown] nothing chosen #primaryQuestionnaire--f35f0aebbd0f100970576bed2afa0001
 {formField-f35f0aebbd0f100970576bed2afa0004}
label: Will you have reliable transportation to get to work on time?*
  [dropdown] nothing chosen #primaryQuestionnaire--f35f0aebbd0f100970576bed2afa0004
 {formField-f35f0aebbd0f100970576bed2afa0007}
label: Are you available to work overtime if needed?*
  [dropdown] nothing chosen #primaryQuestionnaire--f35f0aebbd0f100970576bed2afa0007
 {formField-f35f0aebbd0f100970576c86ec220000}
label: Are you available to work weekends if needed?*
  [dropdown] nothing chosen #primaryQuestionnaire--f35f0aebbd0f100970576c86ec220000
 {formField-f35f0aebbd0f100970576c86ec220003}
label: Are you available to work on-call, if needed?*
  [dropdown] nothing chosen #primaryQuestionnaire--f35f0aebbd0f100970576c86ec220003
 {formField-f35f0aebbd0f100970576c86ec220006}
label: Are you willing to relocate?*
  [dropdown] nothing chosen #primaryQuestionnaire--f35f0aebbd0f100970576c86ec220006
 {formField-f35f0aebbd0f100970576c86ec220009}
label: Salary Expectations:*
  <textarea #primaryQuestionnaire--f35f0aebbd0f100970576c86ec220009 required empty>
 {formField-f35f0aebbd0f100970576d209a7b0000}
label: What is your primary spoken language?*
  <textarea #primaryQuestionnaire--f35f0aebbd0f100970576d209a7b0000 required empty>
 {formField-f35f0aebbd0f100970576d209a7b0001}
label: What other languages are you fluent in, if any?
  <textarea #primaryQuestionnaire--f35f0aebbd0f100970576d209a7b0001 empty>
 {formField-f35f0aebbd0f100970576d209a7b0002}
label: Please provide your Birth Month and Birth Day (e.g. 11/18). DO NOT provide the year. This information is used 
  <textarea #primaryQuestionnaire--f35f0aebbd0f100970576d209a7b0002 required empty>
 {formField-f35f0aebbd0f100970576d209a7b0003}
label: Please provide the last four digits of your Social Security Number. This information is used along with your M
  <textarea #primaryQuestionnaire--f35f0aebbd0f100970576d209a7b0003 required empty>
  [button] Back {pageFooterBackButton}
  [button] Save and Continue {pageFooterNextButton}
# Follow Us
  [link]  {socialIcon}
  [link]  {socialIcon}
  [link]  {socialIcon}
  [link]  {socialIcon}
  [link]  {socialIcon}
  [link] Privacy Policy {privacyLink}
  text: © 2026 Workday, Inc. All rights reserved.

=== 2026-10-07 11:43:32  skipped  Leasing Professional - Indigo 19 (Virginia Beach, VA) @ greystar
url: https://greystar.wd1.myworkdayjobs.com/External/job/Remote-Virginia-Remote-Virginia-VA/Leasing-Professional---Indigo-19--Virginia-Beach--VA-_R0194503/apply/applyManually
stage: Application Questions
why: can't truthfully answer required: What is your primary spoken language?*; Please provide your Birth Month and Birth Day (e.g. 11/18). ; Please provide the last four digits of your Social Security ; Are you available to work overtime if needed?*; Are you available to work weekends if needed?*; Are you available to work on-call, if needed?*
  [link] Skip to main content {accessibilitySkipToMainContent}
  [link]  {logoLink}
  [button] English #languageSelectorButton {utilityMenuButton}
  [button] Settings #settingsSelectorButton {utilityMenuButton}
  [button] <email> {utilityMenuButton} opens-true
  [button] Careers Home {navigationItem-Careers Home}
  [button] Candidate Home {navigationItem-Candidate Home}
  [button] Job Alerts {navigationItem-Job Alerts}
{applyFlowPage}
  [button] Back to Job Posting {backToJobPosting}
# Leasing Professional - Indigo 19 (Virginia Beach, VA)
label: completed step 1 of 6
label: My Information
label: completed step 2 of 6
label: My Experience
{progressBarActiveStep} current step 3 of 6 Application Questions
label: current step 3 of 6
label: Application Questions
label: step 4 of 6
label: Voluntary Disclosures
label: step 5 of 6
label: Self Identify
label: step 6 of 6
label: Review
# Application Questions
{applyFlowPrimaryQuestionsPage}
 {formField-f35f0aebbd0f100970576ab9f21a0000}
label: Are you currently employed by Greystar?*
  [dropdown] nothing chosen #primaryQuestionnaire--f35f0aebbd0f100970576ab9f21a0000
 {formField-f35f0aebbd0f100970576ab9f21a0003}
label: Are you a Former Greystar Team Member?*
  [dropdown] nothing chosen #primaryQuestionnaire--f35f0aebbd0f100970576ab9f21a0003
 {formField-f35f0aebbd0f100970576ab9f21a0007}
label: Are you legally eligible to work in the country to which you are applying?*
  [dropdown] nothing chosen #primaryQuestionnaire--f35f0aebbd0f100970576ab9f21a0007
 {formField-f35f0aebbd0f100970576b5393f10002}
label: Will you now or in the future require sponsorship by Greystar in order for us to employ (or continue to employ
  [dropdown] nothing chosen #primaryQuestionnaire--f35f0aebbd0f100970576b5393f10002
 {formField-f35f0aebbd0f100970576b5393f10006}
label: Do you meet the minimum requirements for the job, as outlined in the Job Description?*
  [dropdown] nothing chosen #primaryQuestionnaire--f35f0aebbd0f100970576b5393f10006
 {formField-f35f0aebbd0f100970576b5393f10009}
label: Are you able to perform all essential functions of the position you are applying to with or without reasonable
  [dropdown] nothing chosen #primaryQuestionnaire--f35f0aebbd0f100970576b5393f10009
 {formField-f35f0aebbd0f100970576bed2afa0001}
label: If hired, will you be at least 18 years old when you start work with Greystar?*
  [dropdown] nothing chosen #primaryQuestionnaire--f35f0aebbd0f100970576bed2afa0001
 {formField-f35f0aebbd0f100970576bed2afa0004}
label: Will you have reliable transportation to get to work on time?*
  [dropdown] nothing chosen #primaryQuestionnaire--f35f0aebbd0f100970576bed2afa0004
 {formField-f35f0aebbd0f100970576bed2afa0007}
label: Are you available to work overtime if needed?*
  [dropdown] nothing chosen #primaryQuestionnaire--f35f0aebbd0f100970576bed2afa0007
 {formField-f35f0aebbd0f100970576c86ec220000}
label: Are you available to work weekends if needed?*
  [dropdown] nothing chosen #primaryQuestionnaire--f35f0aebbd0f100970576c86ec220000
 {formField-f35f0aebbd0f100970576c86ec220003}
label: Are you available to work on-call, if needed?*
  [dropdown] nothing chosen #primaryQuestionnaire--f35f0aebbd0f100970576c86ec220003
 {formField-f35f0aebbd0f100970576c86ec220006}
label: Are you willing to relocate?*
  [dropdown] nothing chosen #primaryQuestionnaire--f35f0aebbd0f100970576c86ec220006
 {formField-f35f0aebbd0f100970576c86ec220009}
label: Salary Expectations:*
  <textarea #primaryQuestionnaire--f35f0aebbd0f100970576c86ec220009 required empty>
 {formField-f35f0aebbd0f100970576d209a7b0000}
label: What is your primary spoken language?*
  <textarea #primaryQuestionnaire--f35f0aebbd0f100970576d209a7b0000 required empty>
 {formField-f35f0aebbd0f100970576d209a7b0001}
label: What other languages are you fluent in, if any?
  <textarea #primaryQuestionnaire--f35f0aebbd0f100970576d209a7b0001 empty>
 {formField-f35f0aebbd0f100970576d209a7b0002}
label: Please provide your Birth Month and Birth Day (e.g. 11/18). DO NOT provide the year. This information is used 
  <textarea #primaryQuestionnaire--f35f0aebbd0f100970576d209a7b0002 required empty>
 {formField-f35f0aebbd0f100970576d209a7b0003}
label: Please provide the last four digits of your Social Security Number. This information is used along with your M
  <textarea #primaryQuestionnaire--f35f0aebbd0f100970576d209a7b0003 required empty>
  [button] Back {pageFooterBackButton}
  [button] Save and Continue {pageFooterNextButton}
# Follow Us
  [link]  {socialIcon}
  [link]  {socialIcon}
  [link]  {socialIcon}
  [link]  {socialIcon}
  [link]  {socialIcon}
  [link] Privacy Policy {privacyLink}
  text: © 2026 Workday, Inc. All rights reserved.

=== 2026-10-07 11:44:00  skipped  Procurement Analyst @ novo
url: https://jobs.ashbyhq.com/novo/abb35c59-da97-4569-8644-ff8a0ad8bca5/application
stage: page 1
why: can't truthfully answer required: Contact number
# Procurement Analyst
# Location
# Employment Type
# Location Type
# Department
# Compensation
  text: $70K – $100K • Offers Equity
  <input:file no-file>
# Autofill from resume
  text: Upload your resume here to autofill key application fields.
  [button] Upload file
# Application Form
label: Name
  <input:text #_systemfield_name required empty>
label: Email
  <input:email #_systemfield_email required empty>
label: Resume
  <input:file #_systemfield_resume required no-file>
  [button] Upload File
label: Notice Period
  <input:radio #14ab6863-9d25-46c9-a86b-41e01d9e6b54_55a76839-7372-4f00-9cff question-unanswered>
label: 90 days
  <input:radio #14ab6863-9d25-46c9-a86b-41e01d9e6b54_55a76839-7372-4f00-9cff question-unanswered>
label: 60/45 days
  <input:radio #14ab6863-9d25-46c9-a86b-41e01d9e6b54_55a76839-7372-4f00-9cff question-unanswered>
label: 30 /15 days
  <input:radio #14ab6863-9d25-46c9-a86b-41e01d9e6b54_55a76839-7372-4f00-9cff question-unanswered>
label: Immediately available
label: LinkedIn Profile link
  <input:text #cb4e0bac-5381-4534-8d43-c844ff7e19ce empty>
label: Contact number
  <input:tel #7e529f11-3686-43f9-8056-dbb9b2536523 required empty>
label: Cover Letter
  <textarea #8c740744-4034-430c-a8c7-c19b43473914 empty>
label: Website
  <input:text #cc113de8-a34d-429d-94da-33491be762b5 empty>
label: What state do you plan on working from?
  <input:text #0f9934b8-69be-4915-8bba-fba323a193b8 required empty>
label: Are you authorized to work in the United States?
  [button] Yes
  [button] No
  <input:checkbox name=a62fd828-8aba-46e5-a359-02fa45475e1c question-unanswered>
label: Will you now or in the future require visa sponsorship? (H1B, TN, OPT etc..)
  [button] Yes
  [button] No
  <input:checkbox name=6bb1bff0-2f6a-434b-ab23-f032fe1e35d1 question-unanswered>
label: Expected CTC
  <input:text #97b43226-4749-4e25-bbdd-3810a6a4ff1c empty>
  [button] Submit Application

=== 2026-10-07 11:45:38  unconfirmed  Credit Analyst @ bbh
url: https://bbh.wd5.myworkdayjobs.com/en-US/bbh
stage: Review
why: no confirmation after submit; page errors: ['Search for Jobs page is loaded']; server said: POST https://www.linkedin.com/li/track -> 200; POST https://www.linkedin.com/li/track -> 200; POST https://www.linkedin.com/li/track -> 200; page ends: "er A minimum of 8 characters Email Address* Password* Verify New Password* Create Account Already have an account? Sign In Forgot your password? Enter webs
  [link] Skip to main content {accessibilitySkipToMainContent}
  [link]  {logoLink}
  [button] Sign In {utilityButtonSignIn}
  [button] Search for Jobs {navigationItem-Search for Jobs}
  <input:text #nkgk2 {keywordSearchInput} empty>
  [button] Search {keywordSearchButton}
label: Filters
  [button] Location {distanceLocation}
  [button] Time Type {employmentType}
  [button] Job Type {workerSubType}
! Search for Jobs page is loaded
# Java Developer
# FX Risk Manager
# Family Office Analyst
# Product Operations and Administration Manager
# Corporate Advisory & Banking Relationship Manager
# Junior Transfer Agency Trailer Fees Specialist
# System Administrator (OpenShift & Kubernetes)
# AI Enablement Senior Analyst
# Senior Systems Business Analyst (FX Team)
# Client Service Supervisor
# BBH Internship Program - Talent Acquisition
# Application Production Support Analyst
# Senior Java Developer
# Application Production Support Analyst I
# Transfer Agency Investor Boarding Team Leader
# Transfer Agency Shareholder Service Representative
# Application Production Support Analyst I
# 2027 Investor Solutions Summer Internship
# 2027 Investor Solutions Summer Internship
# Platform Engineering Technical Manager
  [button] 1
  [button] 2
  [button] 3
  [button] 4
  [button] 5
  [button] 
# About Us
  text: Brown Brothers Harriman (BBH) is a global financial services firm known for premium service and specialist expertise. BBH works with leading
  text: We believe our success starts with yours.
  text: At BBH, partnership is more than just a form of ownership—it’s our approach to business and relationships. Every day we come together as a d
  text: We believe stability is a competitive advantage, but being stable means having the knowledge, skill, and discipline to evolve, often—pushing
  [button] Read More {readMore}
# Follow Us
  [link]  {socialIcon}
  [link]  {socialIcon}
  text: © 2026 Workday, Inc. All rights reserved.
(dialog)
  [button] 
{signInContent}
# Congratulations!
  text: Your application has successfully been submitted.
 {formField-email}
label: Email Address*
  <input:text #input-10 {email} required filled>
 {formField-password}
label: Password*
  <input:password #input-11 {password} required>
 {formField-verifyPassword}
label: Verify New Password*
  <input:password #input-12 {verifyPassword} required>
  [button]  {click_filter}
  [button] Create Account {createAccountSubmitButton}
  [button] Sign In {signInLink}
  [button] Forgot your password? {forgotPasswordLink}
label: Enter website. This input is for robots only, do not enter if you're human.
  <input:text #bdb92c7c-61a1-42a7-97f1-9a07e9610cef {beecatcher} empty>

=== 2026-10-07 11:45:52  blocked  Associate, Marketing & Digital (NYC Based) @ clintonfoundation
url: https://www.clintonfoundation.org/careers/apply/
why: no application form found on page
# www.clintonfoundation.org
# Performing security verification
  text: This website uses a security service to protect against malicious bots. This page is displayed while the website verifies you are not a bot.

=== 2026-10-07 11:46:54  skipped  Associate Product Manager, Equities @ invesco
url: https://invesco.wd1.myworkdayjobs.com/ivz/job/New-York-New-York/Assoc-Product-Mgr-EM-Equities_R-15536/apply/applyManually
stage: Application Questions
why: can't truthfully answer required: What would you expect to earn per year in the position for w
  [link] Skip to main content {accessibilitySkipToMainContent}
  [link]  {logoLink}
  [button] English #languageSelectorButton {utilityMenuButton}
  [button] Settings #settingsSelectorButton {utilityMenuButton}
  [button] <email> {utilityMenuButton} opens-true
  [button] Search for Jobs {navigationItem-Search for Jobs}
  [button] Candidate Home {navigationItem-Candidate Home}
  [button] Job Alerts {navigationItem-Job Alerts}
{applyFlowPage}
  [button] Back to Job Posting {backToJobPosting}
# Associate Product Manager, Equities
label: completed step 1 of 5
label: My Information
label: completed step 2 of 5
label: My Experience
{progressBarActiveStep} current step 3 of 5 Application Questions
label: current step 3 of 5
label: Application Questions
label: step 4 of 5
label: Voluntary Disclosures
label: step 5 of 5
label: Review
# Application Questions
{applyFlowPrimaryQuestionsPage}
 {formField-97a56ab3ad0b101994f18c9fce700001}
label: Are you legally eligible to work in the country where this job is located?*
  [dropdown] nothing chosen #primaryQuestionnaire--97a56ab3ad0b101994f18c9fce700001
 {formField-97a56ab3ad0b101994f18d396b180003}
label: What would you expect to earn per year in the position for which you have applied? Please provide a numerical 
  <textarea #primaryQuestionnaire--97a56ab3ad0b101994f18d396b180003 required empty>
  [button] Back {pageFooterBackButton}
  [button] Save and Continue {pageFooterNextButton}
# Follow Us
  [link]  {socialIcon}
  [link]  {socialIcon}
  [link] View Privacy Policy {privacyLink}
  text: © 2026 Workday, Inc. All rights reserved.

=== 2026-10-07 11:47:01  skipped  Talent Management Specialist @ supplyhouse
url: https://job-boards.greenhouse.io/supplyhouse/jobs/6188667004
why: posting restricts AI-assisted applications: "AI tools, plagiarism, or any uncredited assistance is not permitted"
# Talent Management Specialist
  text: Remote, Remote, United States
  [button] Apply
  text: Real people. Real service.
  text: , we value every individual team member and cultivate a community where people come first. Led by our core values of
  text: eamwork, and GRIT, we’re dedicated to maintaining a supportive work environment that celebrates diversity and empowers everyone to reach the
<iframe https://www.youtube.com/embed/uInKvloCKd8>
  text: Talent Management Specialist
  text: to join our Human Resources Team! This individual will report into our Talent Management Manager and will play an integral role within the t
  text: position is open to individuals who live in, or are open to relocating to, the following states:
  text: Arizona, Delaware, Florida, Georgia, Kentucky, Nevada, New Jersey, New York, North Carolina, Ohio, Rhode Island, South Carolina, Tennessee, 
  text: This position requires travel to our headquarters in Melville, NY 3 times per year for internal meetings and team building activities. We re
  text: Monday through Friday, 8:00 a.m. to 5:00 p.m. with time zone flexibility
  text: annually. This range reflects the long-term earning potential for the role. Our starting pay practice is the minimum to middle portion of th
  text: Own end-to-end execution of Employee Listening & People Insights programs, including Peakon administration, survey and pulse execution, qual
  text: Analyze employee feedback, participation trends, and listening program data to identify themes and recommend improvements to listening proce
  text: Independently execute defined components of performance management, talent discussions, and succession programs in support of the broader Ta
  text: Analyze performance and talent program data and participant feedback to identify trends and implement tactical improvements to processes and
  text: Support the delivery of established learning and development programs, including facilitating recurring sessions and improving content and r
  text: Develop tools, resources, and content that support career growth and leadership readiness, in partnership with the team member who owns the 
  text: Maintain and support updates to job leveling guides and related job architecture resources in partnership with the Talent Management Manager
  text: Provide training and support to managers and employees on assigned performance, talent, development, and listening programs, and maintain as
  text: Manage project timelines, deliverables, and stakeholder expectations for assigned work, proactively identifying issues and proposing solutio
  text: Provide continuity coverage across performance, talent, and development programs during periods of team absence, exercising independent judg
  text: Bachelors degree in Human Resources, Organizational Development, Business, Psychology, or a related field
  text: 2+ years of proven experience in talent management, performance management, learning and development, employee listening, organizational des
  text: Strong understanding of performance management, talent development, employee listening, or related talent management principles and practice
  text: Excellent analytical and problem-solving skills with the ability to interpret program and employee data, identify trends, and make data-info
  text: Exceptional communication and interpersonal skills to effectively engage employees, managers, and cross-functional stakeholders
  text: Demonstrated ability to manage recurring programs or projects independently, prioritize competing deadlines, and follow through on commitmen
  text: Demonstrated ability to handle sensitive information with confidentiality and professionalism
  text: Bachelors degree in Industrial-Organizational Psychology
  text: Proficiency with employee listening or engagement survey platforms (e.g., Peakon, Glint, Qualtrics), HRIS, and talent technology such as Wor
  text: – We offer a wide variety of benefits to help support you and your loved ones. These include:
  text: Comprehensive and affordable medical, dental, vision, and voluntary life insurance options
  text: 401(k) with up to 4% company match
  text: Paid vacation, sick time, and holidays
  text: Company-paid basic life insurance and long-term disability
  text: Discounted auto, home, and pet insurance programs
  text: Flexible Spending Account (FSA)
  text: Confidential mental health, financial planning, and legal support through our Employee Assistance Program (EAP)
  text: $750 annual professional development budget
  text: $25 monthly Grubhub credit
  text: Company rewards and recognition program
  text: We promote work-life balance
  text: We value your time and encourage a healthy separation between your professional and personal life to feel refreshed and recharged. Look out 
  text: We encourage you to embrace continuous learning and take on new challenges. In an exciting and evolving industry, we provide opportunities f
  text: – We live and breathe our core value, Generosity, by giving back to the trades and organizations around the world. We make a difference thro
  text: – We value hearing from our employees. Everyone has a voice, and we encourage you to use it! We actively elicit feedback through our monthly
  text: Check us out and learn more at:
  text: https://www.supplyhouse.com/our-company
  text: Applicants must be currently authorized to work in the U.S. on a full-time basis. SupplyHouse.com will not sponsor applicants for work visas
  text: SupplyHouse.com is an Equal Opportunity Employer. We welcome and encourage individuals of all backgrounds, experiences, and perspectives to 
  text: To ensure fairness, all application materials, assessments, and interview responses must reflect your own original work. The use of AI tools
  text: at any stage of the hiring process and may result in disqualification. We appreciate your honesty and look forward to seeing your skills.
  text: We are committed to providing a safe and secure work environment and conduct thorough background checks on all potential employees in accord
  text: All emails from the SupplyHouse team will only be sent from an @supplyhouse.com email address. Please exercise caution if you receive an ema
  text: Interested in building your career at SupplyHouse.com? Get future opportunities sent straight to your email.
# Apply for this job
  text: indicates a required field
  [button] Autofill my application
label: First Name*
  <input:text #first_name required empty>
label: Last Name*
  <input:text #last_name required empty>
label: Email*
  <input:text #email required empty>
label: Phone
label: Country*
  <input:text #country required empty>
  [button] 
  <input required empty>
  <input:tel #phone required empty>
label: Location (City)*
  <input:text #candidate-location required empty>
  <input required empty>
  [button] Locate me
  [button] Attach
label: Attach
  <input:file #resume no-file>
  [button] Dropbox
  [button] Google Drive
  [button] Ent

=== 2026-10-07 11:49:30  skipped  Analyst, Institutional Investor Coverage @ antares
url: https://antares.wd5.myworkdayjobs.com/antares/job/New-York/Analyst--Institutional-Investor-Coverage_R664/apply/applyManually
stage: Application Questions
why: stuck on Workday's 'Application Questions' page; Workday says: ['Error: The number entered is too large.', 'Error-What is your desired salary expectation? The number entered is too large.']; fields flagged: ['What is your desired salary expectation?']
  [link] Skip to main content {accessibilitySkipToMainContent}
  [link]  {logoLink}
  [button] Settings #settingsSelectorButton {utilityMenuButton}
  [button] <email> {utilityMenuButton} opens-true
  [button] Search for Jobs {navigationItem-Search for Jobs}
  [button] Candidate Home {navigationItem-Candidate Home}
  [button] Job Alerts {navigationItem-Job Alerts}
{applyFlowPage}
  [button] Back to Job Posting {backToJobPosting}
# Analyst, Institutional Investor Coverage
label: completed step 1 of 5
label: My Information
label: completed step 2 of 5
label: My Experience
{progressBarActiveStep} current step 3 of 5 Application Questions
label: current step 3 of 5
label: Application Questions
label: step 4 of 5
label: Voluntary Disclosures
label: step 5 of 5
label: Review
# Application Questions
# Errors Found
! Error-What is your desired salary expectation? The number entered is too large. {errorHeading}
{applyFlowPrimaryQuestionsPage}
 {formField-f7eae04c388610015334cf1e41e70000}
label: Are you eligible to work in the country within which this position is located?*
  [dropdown] chosen #primaryQuestionnaire--f7eae04c388610015334cf1e41e70000
 {formField-f7eae04c388610015334cf1e41e70003}
label: Do you now or will you in the future require sponsorship for employment visa status in the country within whic
  [dropdown] chosen #primaryQuestionnaire--f7eae04c388610015334cf1e41e70003
 {formField-f7eae04c388610015334cfb8ca100000}
label: Are any of your relatives or members of your household currently employed by Antares Capital?*
  [dropdown] chosen #primaryQuestionnaire--f7eae04c388610015334cfb8ca100000
 {formField-f7eae04c388610015334cfb8ca100004}
label: What is your desired salary expectation?*
  <input:text #primaryQuestionnaire--f7eae04c388610015334cfb8ca100004 required INVALID filled>
! Error: The number entered is too large. {inputAlert}
 {formField-f7eae04c388610015334cfb8ca100005}
label: Are you open to relocation if required by the position?*
  [dropdown] chosen #primaryQuestionnaire--f7eae04c388610015334cfb8ca100005
 {formField-f7eae04c388610015334cfb8ca100008}
label: Antares is operating a hybrid model of four (4) days in the office and one (1) day at home. Are you comfortabl
  [dropdown] chosen #primaryQuestionnaire--f7eae04c388610015334cfb8ca100008
  [button] Back {pageFooterBackButton}
  [button] Save and Continue {pageFooterNextButton}
  text: © 2026 Workday, Inc. All rights reserved.

=== 2026-10-07 11:49:56  skipped  Operational Due Diligence Analyst @ brownadvisory
url: https://brownadvisory.wd1.myworkdayjobs.com/brown/job/New-York-NY/Operational-Due-Diligence-Analyst_JR1672/apply/applyManually
stage: My Information
why: can't truthfully answer required: Prefix*
  [link] Skip to main content {accessibilitySkipToMainContent}
  [link]  {logoLink}
# Brown Advisory
  [button] Settings #settingsSelectorButton {utilityMenuButton}
  [button] <email> {utilityMenuButton} opens-true
  [button] Home {navigationItem-Home}
  [button] Search for Jobs {navigationItem-Search for Jobs}
  [button] Candidate Home {navigationItem-Candidate Home}
  [button] Job Alerts {navigationItem-Job Alerts}
{applyFlowPage}
  [button] Back to Job Posting {backToJobPosting}
# Operational Due Diligence Analyst
{progressBarActiveStep} current step 1 of 5 My Information
label: current step 1 of 5
label: My Information
label: step 2 of 5
label: My Experience
label: step 3 of 5
label: Application Questions
label: step 4 of 5
label: Voluntary Disclosures
label: step 5 of 5
label: Review
# My Information
{applyFlowMyInfoPage}
 {formField-source}
label: How Did You Hear About Us?*
  [dropdown] nothing chosen #source--source
 {formField-candidateIsPreviousWorker}
label: Have you previously been employed by Brown Advisory? **Current Colleagues: Please use your Workday account to 
  <input:radio #jwhr16 question-unanswered>
label: Yes
  <input:radio #jwhr17 question-unanswered>
label: No
 {formField-country}
label: Country*
  [dropdown] chosen #country--country
# Legal Name
 {formField-legalName--title}
label: Prefix*
  [dropdown] nothing chosen #name--legalName--title
 {formField-legalName--firstName}
label: First Name*
  <input:text #name--legalName--firstName required empty>
 {formField-legalName--lastName}
label: Last Name*
  <input:text #name--legalName--lastName required empty>
 {formField-preferredCheck}
label: I have a preferred name
  <input:checkbox #name--preferredCheck question-unanswered>
# Address
 {formField-addressLine1}
label: Address Line 1
  <input:text #address--addressLine1 empty>
 {formField-city}
label: City
  <input:text #address--city empty>
 {formField-countryRegion}
label: State
  [dropdown] nothing chosen #address--countryRegion
 {formField-postalCode}
label: Postal Code
  <input:text #address--postalCode empty>
# Email Address
# Phone
 {formField-phoneType}
label: Phone Device Type*
  [dropdown] nothing chosen #phoneNumber--phoneType
 {formField-countryPhoneCode}
label: Country Phone Code*
{multiSelectContainer}
  <input #phoneNumber--countryPhoneCode required empty>
    (a choice is selected)
 {formField-phoneNumber}
label: Phone Number*
  <input:text #phoneNumber--phoneNumber required empty>
 {formField-extension}
label: Phone Extension
  <input:text #phoneNumber--extension empty>
  [button] Save and Continue {pageFooterNextButton}
# Follow Us
  [link]  {socialIcon}
  [link]  {socialIcon}
  [link]  {socialIcon}
  [link] Privacy Policy {privacyLink}
  text: © 2026 Workday, Inc. All rights reserved.

=== 2026-10-07 11:51:02  skipped  Client Service Associate @ ceritypartners
url: https://ceritypartners.wd12.myworkdayjobs.com/ceritypartnerscareers/job/New-York-City-NY/Client-Service-Associate_R867-1/apply/applyManually
stage: Application Questions
why: can't truthfully answer required: Are you an investment adviser representative or registered r
  [link] Skip to main content {accessibilitySkipToMainContent}
  [link]  {logoLink}
# Careers
  [button] Settings #settingsSelectorButton {utilityMenuButton}
  [button] <email> {utilityMenuButton} opens-true
  [button] Home {navigationItem-Home}
  [button] Search for Jobs {navigationItem-Search for Jobs}
  [button] Candidate Home {navigationItem-Candidate Home}
  [button] Job Alerts {navigationItem-Job Alerts}
{applyFlowPage}
  [button] Back to Job Posting {backToJobPosting}
# Client Service Associate
label: completed step 1 of 6
label: My Information
label: completed step 2 of 6
label: My Experience
{progressBarActiveStep} current step 3 of 6 Application Questions
label: current step 3 of 6
label: Application Questions
label: step 4 of 6
label: Voluntary Disclosures
label: step 5 of 6
label: Self Identify
label: step 6 of 6
label: Review
# Application Questions
{applyFlowPrimaryQuestionsPage}
 {formField-f86fa26d98e910014d3c756ad7220000}
label: Are you 18 years of age or older?*
  [dropdown] nothing chosen #primaryQuestionnaire--f86fa26d98e910014d3c756ad7220000
 {formField-f86fa26d98e910014d3c769de01a0001}
label: Are you authorized to work in the U.S.?*
  [dropdown] nothing chosen #primaryQuestionnaire--f86fa26d98e910014d3c769de01a0001
 {formField-f86fa26d98e910014d3c769de01a0004}
label: Do you now or will you in the future require sponsorship for employment visa status? (e.g. H1-B, OPT, CPT, or 
  [dropdown] nothing chosen #primaryQuestionnaire--f86fa26d98e910014d3c769de01a0004
 {formField-f86fa26d98e910014d3c7737680a0001}
label: What are your salary expectations?
  <textarea #primaryQuestionnaire--f86fa26d98e910014d3c7737680a0001 empty>
 {formField-f86fa26d98e910014d3c7737680a0002}
label: If extended an offer, are you willing to submit to a detailed background check including credit check?*
  [dropdown] nothing chosen #primaryQuestionnaire--f86fa26d98e910014d3c7737680a0002
 {formField-f86fa26d98e910014d3c7737680a0005}
label: Type of employment desired?*
  <input:checkbox #720914874efc10019467d5f66f070000-f86fa26d98e910014d3c7737680 required question-unanswered>
label: Full-time
  <input:checkbox #720914874efc10019467d5f66f070001-f86fa26d98e910014d3c7737680 required question-unanswered>
label: Part-time
 {formField-f86fa26d98e910014d3c77d0f9a90001}
label: Do you have any family members who are currently employed/have been employed by this company?*
  [dropdown] nothing chosen #primaryQuestionnaire--f86fa26d98e910014d3c77d0f9a90001
 {formField-f86fa26d98e910014d3c77d0f9a90005}
label: Are you open to relocation?*
  [dropdown] nothing chosen #primaryQuestionnaire--f86fa26d98e910014d3c77d0f9a90005
 {formField-779b9aca0fe410014d8374f72c530000}
label: Are you an investment adviser representative or registered representative?*
  [dropdown] nothing chosen #primaryQuestionnaire--779b9aca0fe410014d8374f72c530000
  [button] Back {pageFooterBackButton}
  [button] Save and Continue {pageFooterNextButton}
# Follow Us
  [link]  {socialIcon}
  [link]  {socialIcon}
  [link]  {socialIcon}
  [link] Privacy Policy {privacyLink}
  text: © 2026 Workday, Inc. All rights reserved.

=== 2026-10-07 11:51:41  skipped  Client Service Associate @ ms
url: https://ms.wd5.myworkdayjobs.com/private/job/New-York-New-York-United-States-of-America/Client-Service-Associate_JR044923/apply/applyManually
stage: Application Questions
why: can't truthfully answer required: Are you currently, were you previously, or have you ever att
  [link] Skip to main content {accessibilitySkipToMainContent}
  [link]  {logoLink}
# Careers
  [button] English #languageSelectorButton {utilityMenuButton}
  [button] Settings #settingsSelectorButton {utilityMenuButton}
  [button] <email> {utilityMenuButton} opens-true
  [button] Careers Hub {navigationItem-Careers Hub}
  [button] Candidate Home {navigationItem-Candidate Home}
  [button] Job Alerts {navigationItem-Job Alerts}
{applyFlowPage}
  [button] Back to Job Posting {backToJobPosting}
# Client Service Associate
label: completed step 1 of 5
label: My Information
label: completed step 2 of 5
label: My Experience
{progressBarActiveStep} current step 3 of 5 Application Questions
label: current step 3 of 5
label: Application Questions
label: step 4 of 5
label: Voluntary Disclosures
label: step 5 of 5
label: Review
# Application Questions
{applyFlowPrimaryQuestionsPage}
  text: To help us better know you and further assess your qualifications, for this position, please answer the following questions as accurately as
  text: To help you with answering the below questions, please review these definitions:
  text: Companies that are owned or controlled by a government or governmental agency (notwithstanding that the company may be publicly listed);
  text: Political parties, including candidates of the party; or
  text: Monarchies and royal families.
 {formField-8fa93d37d10510019e5c34d2f2330001}
label: Are you legally authorized to work for Morgan Stanley in the country in which the job is located?*
  [dropdown] nothing chosen #primaryQuestionnaire--8fa93d37d10510019e5c34d2f2330001
 {formField-8fa93d37d10510019e5c34d2f2330004}
label: Do you currently require Morgan Stanley to sponsor a work visa on your behalf to commence employment?*
  [dropdown] nothing chosen #primaryQuestionnaire--8fa93d37d10510019e5c34d2f2330004
 {formField-8fa93d37d10510019e5c356cc7d60002}
label: Will you in the future require sponsorship for employment visa status?*
  [dropdown] nothing chosen #primaryQuestionnaire--8fa93d37d10510019e5c356cc7d60002
 {formField-8fa93d37d10510019e5c356cc7d60005}
label: Are you currently, were you previously, or have you ever attempted to become, registered in the securities ind
  [dropdown] nothing chosen #primaryQuestionnaire--8fa93d37d10510019e5c356cc7d60005
 {formField-8fa93d37d10510019e5c36069c2c0000}
label: Are you currently, or have you been in the past three years, a Government Official [1], including military and
  [dropdown] nothing chosen #primaryQuestionnaire--8fa93d37d10510019e5c36069c2c0000
 {formField-8fa93d37d10510019e5c36069c2c0003}
label: In a capacity as a Government Official or employee of a financial regulator, have you had the ability to direc
  [dropdown] nothing chosen #primaryQuestionnaire--8fa93d37d10510019e5c36069c2c0003
 {formField-8fa93d37d10510019e5c36a0739b0000}
label: On the basis of employment as a Government Official or employee of a financial regulator, are you subject to a
  [dropdown] nothing chosen #primaryQuestionnaire--8fa93d37d10510019e5c36a0739b0000
 {formField-8fa93d37d10510019e5c373b1d5a0000}
label: Are you an Immediate Family Member or Close Associate of any Government Official who has the ability to direct
  [dropdown] nothing chosen #primaryQuestionnaire--8fa93d37d10510019e5c373b1d5a0000
 {formField-8fa93d37d10510019e5c373b1d5a0003}
label: Were you referred or recommended for this position by a Government Official?*
  [dropdown] nothing chosen #primaryQuestionnaire--8fa93d37d10510019e5c373b1d5a0003
 {formField-8fa93d37d10510019e5c37d500da0000}
label: Do you consent to receive follow up communication via SMS WhatsApp from Talent Acquisition regarding job oppor
  [dropdown] nothing chosen #primaryQuestionnaire--8fa93d37d10510019e5c37d500da0000
  [button] Back {pageFooterBackButton}
  [button] Save and Continue {pageFooterNextButton}
# Follow Us
  [link]  {socialIcon}
  [link]  {socialIcon}
  [link]  {socialIcon}
  [link]  {socialIcon}
  [link] Privacy Policy {privacyLink}
  text: © 2026 Workday, Inc. All rights reserved.

=== 2026-10-07 11:52:14  skipped  Quality and Enablement Specialist - Financial Technology @ wasatchproperty
url: https://wasatchproperty.wd1.myworkdayjobs.com/marketstarcareers/job/MarketStar---US-Remote/Quality-and-Enablement-Specialist---Financial-Technology_R22247-2/apply/applyManually
stage: My Information
why: can't truthfully answer required: Are you a previous worker? Please select yes or no. If yes, 
  [link] Skip to main content {accessibilitySkipToMainContent}
  [button] Settings #settingsSelectorButton {utilityMenuButton}
  [button] <email> {utilityMenuButton} opens-true
{applyFlowPage}
  [button] Back to Job Posting {backToJobPosting}
# Quality and Enablement Specialist - Financial Technology
{progressBarActiveStep} current step 1 of 6 My Information
label: current step 1 of 6
label: My Information
label: step 2 of 6
label: My Experience
label: step 3 of 6
label: Application Questions
label: step 4 of 6
label: Voluntary Disclosures
label: step 5 of 6
label: Self Identify
label: step 6 of 6
label: Review
# My Information
{applyFlowMyInfoPage}
 {formField-source}
label: How Did You Hear About Us?*
{multiSelectContainer}
  <input #source--source required empty>
 {formField-candidateIsPreviousWorker}
label: Are you a previous worker? Please select yes or no. If yes, please provide additional answers to the questions
  <input:radio #j1hsy question-unanswered>
label: Yes
  <input:radio #j1hsz question-unanswered>
label: No
 {formField-country}
label: Country*
  [dropdown] chosen #country--country
# Legal Name
 {formField-legalName--firstName}
label: First Name*
  <input:text #name--legalName--firstName required empty>
 {formField-legalName--lastName}
label: Last Name*
  <input:text #name--legalName--lastName required empty>
 {formField-preferredCheck}
label: I have a preferred name
  <input:checkbox #name--preferredCheck question-unanswered>
# Address
 {formField-addressLine1}
label: Address Line 1*
  <input:text #address--addressLine1 required empty>
 {formField-city}
label: City*
  <input:text #address--city required empty>
 {formField-countryRegion}
label: State*
  [dropdown] nothing chosen #address--countryRegion
 {formField-postalCode}
label: Postal Code*
  <input:text #address--postalCode required empty>
 {formField-regionSubdivision1}
label: County
  <input:text #address--regionSubdivision1 empty>
# Email Address
# Phone
 {formField-phoneType}
label: Phone Device Type*
  [dropdown] nothing chosen #phoneNumber--phoneType
 {formField-countryPhoneCode}
label: Country Phone Code*
{multiSelectContainer}
  <input #phoneNumber--countryPhoneCode required empty>
    (a choice is selected)
 {formField-phoneNumber}
label: Phone Number*
  <input:text #phoneNumber--phoneNumber required empty>
 {formField-extension}
label: Phone Extension
  <input:text #phoneNumber--extension empty>
  [button] Save and Continue {pageFooterNextButton}

=== 2026-10-07 11:52:27  skipped  Incentive Connect Support Associate @ energysolutions
url: https://job-boards.greenhouse.io/energysolutions/jobs/5209202007
why: posting restricts AI-assisted applications: "artificial intelligence (AI) during any part of the interview process is not permitted"
# Incentive Connect Support Associate
  text: Boston, Massachusetts, United States; Chicago, Illinois, United States; New York, New York, United States; Northeast
  [button] Apply
  text: Interested in joining a growing company where you will work with talented colleagues, enhance a supportive and energetic culture, and be par
  text: Incentive Connect Associate
  text: This opportunity is perfect for someone who likes to operate with limited supervision, monitor program activities, facilitate issue resoluti
  text: Responsibilities include but are not limited to:
  text: Execute and administer assigned program workflows, including claim intake, completeness review, eligibility verification, and processing act
  text: Manage application queues, shared inboxes, and workflow assignments to support timely processing and resolution
  text: Review, validate, and process applications, and support documentation in accordance with program requirements, eligibility criteria, and doc
  text: Maintain accurate records, and supporting information within program systems, databases, and CRM platforms
  text: Support outreach activities, including event preparation, presentation development, stakeholder engagement, and occasional event participati
  text: Support preparation of program deliverables, including client invoices, performance reports, presentations, and status updates
  text: Compile, validate, and organize sales and program data to support operational reporting, client deliverables, invoicing, and program adminis
  text: Identify and suggest improvements to program procedures and operational workflows to enhance efficiency
  text: Track and report discrepancies, trends, and operational concerns that affect program performance
  text: Respond to and resolve participant, customer, contractor, trade ally, and vendor questions/inquiries regarding platforms system, complaint s
  text: Resolve routine issues within established guidelines and SOPs, while escalating complex participant, technical, or compliance-related matter
  text: High School diploma or equivalent required
  text: 2 years of experience in customer service, complaint resolution, account management, program administration, operations support, or related 
  text: Experience communicating with customers, participants, vendors, or stakeholders through email, phone, or other professional channels
  text: Experience following established processes, service-level expectations, and operational procedures to complete assigned work
  text: Experience maintaining records, tracking activities, and supporting operational or program workflows
  text: Strong written and verbal communication skills, with the ability to communicate professionally and effectively with customers, program parti
  text: Strong attention to detail and ability to maintain accurate records, documentation, and case information
  text: Proficiency with Microsoft Office applications and standard workplace technologies
  text: Ability to apply established procedures, program requirements, and standard operating procedures (SOPs) consistently
  text: Strong customer service orientation and commitment to delivering a positive participant experience
  text: Ability to learn and use databases, CRM platforms, case-management systems, and reporting tools
  text: Associate degree or bachelor's degree in business administration, Project Management, Operations, Communications, Customer Service, or relat
  text: Experience in basic Microsoft Excel including concatenate (combine) data entry, formatting, formulas (VLOOKUP, SUMIF, pivot tables), data va
  text: Experience participating in continuous improvement, process enhancement, or customer experience initiatives
  text: Basic understanding of consumer protection programs, regulatory environments, utility programs, or energy efficiency programs
  text: Familiarity with reporting tools, dashboards, and operational performance tracking
  text: The salary range for this role is $60,000–$70,000, with a target compensation of $60,000 - $66,500 based on experience and qualifications.
  text: Compensation is commensurate with experience and includes a generous retirement package. Energy Solutions provides an excellent benefits pac
  text: At Energy Solutions we believe in the importance of authentic interactions and equitable opportunities. We base our candidate selection on o
  text: Equal Opportunity Employer
  text: Energy Solutions is an affirmative action-equal opportunity employer and prohibits discrimination and harassment of any type. We afford equa
  text: Office Locations and a Remote Workforce
  text: Energy Solutions operates as a predominantly remote workforce with offices in
  text: . Employees who reside within 40 miles of an office (except New York) will be assigned to that location, though in-office attendance require
  text: Background Check Information
  text: Information will be requested to perform the compulsory background check. A drug screen and authorization to work in the U.S. indefinitely a
  text: <email>
  text: Privacy Notice for Job Applicants
  text: Interested in building your career at Energy Solutions - USA? Get future opportunities sent straight to your email.
# Apply for this job
  text: indicates a required field
  [button] Autofill my application
label: First Name*
  <input:text #first_name required empty>
label: Last Name*
  <input:text #last_name required empty>
label: Email*
  <input:text #email required empty>
label: Phone
label: Country*
  <input:text #country required empty>
  [button] 
  <input required empty>
  <input:tel #phone required empty>
  [button] Attach
label: Attach
  <input:file #resume no-file>
  [button] Dropbox
  [button] Google Drive
  [button] Enter manually
label: Enter manually
  text: Accepted file types: pdf, doc, docx, txt, rtf
  [button] Attach
  <input:file #cover_letter no-file>
  [button] Dropbox
  [button] Google Drive
  [button] Enter manually
label: School
  <input:text #school--0 empty>
  [button] 
label: Degree
  <input:text #degree--0 empty>
  [button] 
label: Discipline
  <input:text #discipline--0 empty>
  [button] 
label: Start date month
  <input:text #start-month--0 empty>
  [button] 
label: Start date year
  <input:number #start-year--0 empty>
label: End date month
  <input:text #end-month--0 empty>
  [button] 
label: End date year
  <input:number #end-year--0 empty>
  [button] Add another
label: Are you legally authorized to work in the United States?*
  <input:text #question_12659644007 required empty>
  [button] 
  <input required empty>
label: Will you now or in the future require employment visa sponsorship? *
  <input:text #question_12659645007 required empty>
  [button] 
  <input required empty>
label: Are you a former Energy Solutions Intern or former Energy Solutions Employee?*
  <input:text #question_12659646007 required empty>
  [button] 
  <input required empty>
label: Do you have a bachelor's degree with an energy focus, pr

=== 2026-10-07 11:55:01  skipped  Construction Surety Underwriter - Financial Analyst @ travelers
url: https://travelers.wd5.myworkdayjobs.com/external/job/CO---Centennial/Construction-Surety-Underwriter---Financial-Analyst_R-51934/apply/applyManually
stage: Application Questions
why: can't truthfully answer required: Have you ever been involuntarily discharged or asked to resi
  [link] Skip to main content {accessibilitySkipToMainContent}
  [link]  {logoLink}
  [button] English #languageSelectorButton {utilityMenuButton}
  [button] Settings #settingsSelectorButton {utilityMenuButton}
  [button] <email> {utilityMenuButton} opens-true
  [button] Careers Website {navigationItem-Careers Website}
  [button] Candidate Home {navigationItem-Candidate Home}
{applyFlowPage}
  [button] Back to Job Posting {backToJobPosting}
# Construction Surety Underwriter - Financial Analyst
label: completed step 1 of 5
label: My Information
label: completed step 2 of 5
label: My Experience
{progressBarActiveStep} current step 3 of 5 Application Questions
label: current step 3 of 5
label: Application Questions
label: step 4 of 5
label: Voluntary Disclosures
label: step 5 of 5
label: Review
# Application Questions
{applyFlowPrimaryQuestionsPage}
 {formField-27ece6ca677a1001a4fe6dd5e6eb0001}
label: Are you currently employed by Travelers (i.e., Travelers issues your paychecks directly)?*
  [dropdown] nothing chosen #primaryQuestionnaire--27ece6ca677a1001a4fe6dd5e6eb0001
 {formField-27ece6ca677a1001a4fe6e6fcc190001}
label: Are you at least 18 years of age or older?*
  [dropdown] nothing chosen #primaryQuestionnaire--27ece6ca677a1001a4fe6e6fcc190001
 {formField-27ece6ca677a1001a4fe6e6fcc190004}
label: Are you legally authorized to work in the country in which you are applying? (If hired, you will be asked to f
  [dropdown] nothing chosen #primaryQuestionnaire--27ece6ca677a1001a4fe6e6fcc190004
 {formField-27ece6ca677a1001a4fe6e6fcc190007}
label: Will you now or in the future require support from an employer to obtain/extend a work visa/permit in order to
  [dropdown] nothing chosen #primaryQuestionnaire--27ece6ca677a1001a4fe6e6fcc190007
 {formField-27ece6ca677a1001a4fe6e6fcc19000a}
label: Are you currently subject to any agreements with any current and/or former employer that could restrict your p
  [dropdown] nothing chosen #primaryQuestionnaire--27ece6ca677a1001a4fe6e6fcc19000a
 {formField-27ece6ca677a1001a4fe6f097fc70003}
label: Have you ever been involuntarily discharged or asked to resign from a position?*
  [dropdown] nothing chosen #primaryQuestionnaire--27ece6ca677a1001a4fe6f097fc70003
  [button] Back {pageFooterBackButton}
  [button] Save and Continue {pageFooterNextButton}
# Follow Us
  [link]  {socialIcon}
  [link]  {socialIcon}
  [link]  {socialIcon}
  [link]  {socialIcon}
  [link]  {socialIcon}
  [link] Privacy Policy {privacyLink}
  text: © 2026 Workday, Inc. All rights reserved.

=== 2026-10-07 12:28:31  skipped  Associate, Finance & Philanthropies @ gellerco
url: https://gellerco.wd1.myworkdayjobs.com/gellercareers/job/New-York-NY/Associate--Finance---Philanthropies_162196/apply
stage: Application Questions
why: can't truthfully answer required: Please provide the name and contact information for three pr; Are you aware of or subject to any agreement that would prev; Have you ever resigned or been discharged as a result of an ; Are you named as a defendant or respondent in any pending or
  [link] Skip to main content {accessibilitySkipToMainContent}
  [button] Settings #settingsSelectorButton {utilityMenuButton}
  [button] <email> {utilityMenuButton} opens-true
{applyFlowPage}
  [button] Back to Job Posting {backToJobPosting}
# Associate, Finance & Philanthropies
label: completed step 1 of 5
label: My Information
label: completed step 2 of 5
label: My Experience
{progressBarActiveStep} current step 3 of 5 Application Questions
label: current step 3 of 5
label: Application Questions
label: step 4 of 5
label: Voluntary Disclosures
label: step 5 of 5
label: Review
# Application Questions
{applyFlowPrimaryQuestionsPage}
 {formField-9adfbaadc83010017fe76170aee70001}
label: Are you at least 18 years of age?*
  [dropdown] nothing chosen #primaryQuestionnaire--9adfbaadc83010017fe76170aee70001
 {formField-9adfbaadc83010017fe7620b58010002}
label: Can you submit verification of your legal right to work in the United States? You will be required to provide 
  [dropdown] nothing chosen #primaryQuestionnaire--9adfbaadc83010017fe7620b58010002
 {formField-9adfbaadc83010017fe7620b58010005}
label: Which answer best reflects your work authorization?*
  [dropdown] nothing chosen #primaryQuestionnaire--9adfbaadc83010017fe7620b58010005
 {formField-9adfbaadc83010017fe762a554ae0004}
label: Will you now or in the future require sponsorship for employment visa status (e.g., H-1B visa status, TN)?*
  [dropdown] nothing chosen #primaryQuestionnaire--9adfbaadc83010017fe762a554ae0004
 {formField-9adfbaadc83010017fe7634011530000}
label: What is your desired start date?
  text: current value is MM/DD/YYYY
  <input #primaryQuestionnaire--9adfbaadc83010017fe7634011530000-dateS {dateSectionMonth-input} empty>
  <input #primaryQuestionnaire--9adfbaadc83010017fe7634011530000-dateS {dateSectionDay-input} empty>
  <input #primaryQuestionnaire--9adfbaadc83010017fe7634011530000-dateS {dateSectionYear-input} empty>
  [button]  {dateIcon}
 {formField-9adfbaadc83010017fe7634011530001}
label: Please provide your desired compensation in order to ensure alignment with your expectations and our compensat
  <textarea #primaryQuestionnaire--9adfbaadc83010017fe7634011530001 required empty>
 {formField-9adfbaadc83010017fe7634011530002}
label: Please provide the name and contact information for three previous supervisors that can serve as professional 
  <textarea #primaryQuestionnaire--9adfbaadc83010017fe7634011530002 empty>
 {formField-9adfbaadc83010017fe7634011530003}
label: Have you previously been employed by Geller & Company?*
  [dropdown] nothing chosen #primaryQuestionnaire--9adfbaadc83010017fe7634011530003
 {formField-9adfbaadc83010017fe763dac6110000}
label: Do you know anyone who currently works at Geller & Company?
  <textarea #primaryQuestionnaire--9adfbaadc83010017fe763dac6110000 empty>
 {formField-9adfbaadc83010017fe763dac6110001}
label: Are you aware of or subject to any agreement that would prevent your employment with Geller & Company?*
  [dropdown] nothing chosen #primaryQuestionnaire--9adfbaadc83010017fe763dac6110001
 {formField-9adfbaadc83010017fe763dac6110004}
label: Have you ever resigned or been discharged as a result of an internal review or investigation?*
  [dropdown] nothing chosen #primaryQuestionnaire--9adfbaadc83010017fe763dac6110004
 {formField-9adfbaadc83010017fe763dac6110007}
label: Have you ever been the subject of any investigation or proceeding by a domestic or foreign governmental body o
  [dropdown] nothing chosen #primaryQuestionnaire--9adfbaadc83010017fe763dac6110007
 {formField-9adfbaadc83010017fe7647575610003}
label: Has any federal regulatory, state regulatory agency or foreign financial regulatory authority ever entered an 
  [dropdown] nothing chosen #primaryQuestionnaire--9adfbaadc83010017fe7647575610003
 {formField-9adfbaadc83010017fe7647575610007}
label: Are you named as a defendant or respondent in any pending or settled complaint, arbitration or civil litigatio
  [dropdown] nothing chosen #primaryQuestionnaire--9adfbaadc83010017fe7647575610007
  [button] Back {pageFooterBackButton}
  [button] Save and Continue {pageFooterNextButton}

=== 2026-10-07 12:29:24  skipped  Oliver Wyman - Regional AI Product Enablement Analyst @ mmc
url: https://mmc.wd1.myworkdayjobs.com/MMC/job/New-York---1166/Oliver-Wyman---Regional-AI-Product-Enablement-Analyst_R_359871-1/apply/applyManually
stage: Application Questions
why: can't truthfully answer required: What are your salary expectations for this position? Please ; Are you aware of any ongoing negotiations, tenders, RFPs, or
  [link] Skip to main content {accessibilitySkipToMainContent}
  [link]  {logoLink}
  [button] English #languageSelectorButton {utilityMenuButton}
  [button] Settings #settingsSelectorButton {utilityMenuButton}
  [button] <email> {utilityMenuButton} opens-true
  [button] Home {navigationItem-Home}
  [button] Candidate Home {navigationItem-Candidate Home}
{applyFlowPage}
  [button] Back to Job Posting {backToJobPosting}
# Oliver Wyman - Regional AI Product Enablement Analyst
label: completed step 1 of 6
label: My Information
label: completed step 2 of 6
label: My Experience
{progressBarActiveStep} current step 3 of 6 Application Questions
label: current step 3 of 6
label: Application Questions
label: step 4 of 6
label: Voluntary Disclosures
label: step 5 of 6
label: Self Identify
label: step 6 of 6
label: Review
# Application Questions
{applyFlowPrimaryQuestionsPage}
  text: Marsh & McLennan Companies and its operating companies (Marsh, Mercer, Oliver Wyman, Guy Carpenter and NERA) are committed to ensuring that 
  text: Consistent with this, is the need to undertake pre-employment screening which assists us to ensure our compliance and risk management framew
 {formField-da9a881bf10c1039430e32af92880001}
label: Are you aware of any ongoing negotiations, tenders, RFPs, or other procurements involving Marsh & McLennan Com
  [dropdown] nothing chosen #primaryQuestionnaire--da9a881bf10c1039430e32af92880001
 {formField-da9a881bf10c1039430e32af92880004}
label: Are you currently employed by a government agency or state-owned entity?*
  [dropdown] nothing chosen #primaryQuestionnaire--da9a881bf10c1039430e32af92880004
 {formField-da9a881bf10c1039430e334933500005}
label: Do you have a close family member (a spouse, parent, child or sibling) who is employed by a government agency 
  [dropdown] nothing chosen #primaryQuestionnaire--da9a881bf10c1039430e334933500005
 {formField-da9a881bf10c1039430e33e2d9930000}
label: Have you been referred to us by an employee of a government agency or state-owned entity?*
  [dropdown] nothing chosen #primaryQuestionnaire--da9a881bf10c1039430e33e2d9930000
 {formField-da9a881bf10c1039430e33e2d9930003}
label: Are you related to a current employee of Marsh & McLennan Companies, Marsh, Mercer, Guy Carpenter, Oliver Wyma
  [dropdown] nothing chosen #primaryQuestionnaire--da9a881bf10c1039430e33e2d9930003
 {formField-da9a881bf10c1039430e33e2d9930007}
label: Are you at least 18 years or older?*
  [dropdown] nothing chosen #primaryQuestionnaire--da9a881bf10c1039430e33e2d9930007
 {formField-da9a881bf10c1039430e347c9ef30001}
label: If required by the position you are applying for, are you willing and able to travel?*
  [dropdown] nothing chosen #primaryQuestionnaire--da9a881bf10c1039430e347c9ef30001
 {formField-da9a881bf10c1039430e347c9ef30004}
label: Do you have legal authorization to work in the U.S. on a permanent basis without the need for sponsorship now 
  [dropdown] nothing chosen #primaryQuestionnaire--da9a881bf10c1039430e347c9ef30004
 {formField-da9a881bf10c1039430e347c9ef3000a}
label: What are your salary expectations for this position? Please provide an annual gross figure based on the local 
  text: What are your salary expectations for this position?
  <textarea #primaryQuestionnaire--da9a881bf10c1039430e347c9ef3000a required empty>
  [button] Back {pageFooterBackButton}
  [button] Save and Continue {pageFooterNextButton}
# Follow Us
  [link]  {socialIcon}
  [link]  {socialIcon}
  text: © 2026 Workday, Inc. All rights reserved.

=== 2026-10-07 12:30:21  skipped  Oliver Wyman - Regional AI Product Enablement Analyst @ mmc
url: https://mmc.wd1.myworkdayjobs.com/MMC/job/New-York---1166/Oliver-Wyman---Regional-AI-Product-Enablement-Analyst_R_359871-1/apply
stage: Application Questions
why: can't truthfully answer required: What are your salary expectations for this position? Please ; Are you aware of any ongoing negotiations, tenders, RFPs, or
  [link] Skip to main content {accessibilitySkipToMainContent}
  [link]  {logoLink}
  [button] English #languageSelectorButton {utilityMenuButton}
  [button] Settings #settingsSelectorButton {utilityMenuButton}
  [button] <email> {utilityMenuButton} opens-true
  [button] Home {navigationItem-Home}
  [button] Candidate Home {navigationItem-Candidate Home}
{applyFlowPage}
  [button] Back to Job Posting {backToJobPosting}
# Oliver Wyman - Regional AI Product Enablement Analyst
label: completed step 1 of 6
label: My Information
label: completed step 2 of 6
label: My Experience
{progressBarActiveStep} current step 3 of 6 Application Questions
label: current step 3 of 6
label: Application Questions
label: step 4 of 6
label: Voluntary Disclosures
label: step 5 of 6
label: Self Identify
label: step 6 of 6
label: Review
# Application Questions
{applyFlowPrimaryQuestionsPage}
  text: Marsh & McLennan Companies and its operating companies (Marsh, Mercer, Oliver Wyman, Guy Carpenter and NERA) are committed to ensuring that 
  text: Consistent with this, is the need to undertake pre-employment screening which assists us to ensure our compliance and risk management framew
 {formField-da9a881bf10c1039430e32af92880001}
label: Are you aware of any ongoing negotiations, tenders, RFPs, or other procurements involving Marsh & McLennan Com
  [dropdown] nothing chosen #primaryQuestionnaire--da9a881bf10c1039430e32af92880001
 {formField-da9a881bf10c1039430e32af92880004}
label: Are you currently employed by a government agency or state-owned entity?*
  [dropdown] nothing chosen #primaryQuestionnaire--da9a881bf10c1039430e32af92880004
 {formField-da9a881bf10c1039430e334933500005}
label: Do you have a close family member (a spouse, parent, child or sibling) who is employed by a government agency 
  [dropdown] nothing chosen #primaryQuestionnaire--da9a881bf10c1039430e334933500005
 {formField-da9a881bf10c1039430e33e2d9930000}
label: Have you been referred to us by an employee of a government agency or state-owned entity?*
  [dropdown] nothing chosen #primaryQuestionnaire--da9a881bf10c1039430e33e2d9930000
 {formField-da9a881bf10c1039430e33e2d9930003}
label: Are you related to a current employee of Marsh & McLennan Companies, Marsh, Mercer, Guy Carpenter, Oliver Wyma
  [dropdown] nothing chosen #primaryQuestionnaire--da9a881bf10c1039430e33e2d9930003
 {formField-da9a881bf10c1039430e33e2d9930007}
label: Are you at least 18 years or older?*
  [dropdown] nothing chosen #primaryQuestionnaire--da9a881bf10c1039430e33e2d9930007
 {formField-da9a881bf10c1039430e347c9ef30001}
label: If required by the position you are applying for, are you willing and able to travel?*
  [dropdown] nothing chosen #primaryQuestionnaire--da9a881bf10c1039430e347c9ef30001
 {formField-da9a881bf10c1039430e347c9ef30004}
label: Do you have legal authorization to work in the U.S. on a permanent basis without the need for sponsorship now 
  [dropdown] nothing chosen #primaryQuestionnaire--da9a881bf10c1039430e347c9ef30004
 {formField-da9a881bf10c1039430e347c9ef3000a}
label: What are your salary expectations for this position? Please provide an annual gross figure based on the local 
  text: What are your salary expectations for this position?
  <textarea #primaryQuestionnaire--da9a881bf10c1039430e347c9ef3000a required empty>
  [button] Back {pageFooterBackButton}
  [button] Save and Continue {pageFooterNextButton}
# Follow Us
  [link]  {socialIcon}
  [link]  {socialIcon}
  text: © 2026 Workday, Inc. All rights reserved.

=== 2026-10-07 12:31:12  skipped  Production Manager Trainee 1 @ smithfieldfoods
url: https://smithfieldfoods.wd1.myworkdayjobs.com/careers/job/Yuma-CO/Production-Manager-Trainee-1_R-2026-13595/apply
stage: Application Questions 1 of 2
why: can't truthfully answer required: Yearly Earnings Desired (Enter numbers only):*; Seasonal; Internship; Can you submit verification of either your citizenship or yo; Smithfield Foods, Inc. and its subsidiaries is an equal oppo
  [link] Skip to main content {accessibilitySkipToMainContent}
  [link]  {logoLink}
# Careers
  [button] English #languageSelectorButton {utilityMenuButton}
  [button] Settings #settingsSelectorButton {utilityMenuButton}
  [button] <email> {utilityMenuButton} opens-true
  [button] Careers {navigationItem-Careers}
  [button] Search for Jobs {navigationItem-Search for Jobs}
  [button] Candidate Home {navigationItem-Candidate Home}
  [button] Job Alerts {navigationItem-Job Alerts}
{applyFlowPage}
  [button] Back to Job Posting {backToJobPosting}
# Production Manager Trainee 1
label: completed step 1 of 8
label: My Information
label: completed step 2 of 8
label: My Experience
{progressBarActiveStep} current step 3 of 8 Application Questions 1 of 2
label: current step 3 of 8
label: Application Questions 1 of 2
label: step 4 of 8
label: Application Questions 2 of 2
label: step 5 of 8
label: Voluntary Disclosures
label: step 6 of 8
label: Self Identify
label: step 7 of 8
label: Take Assessment
label: step 8 of 8
label: Review
# Application Questions 1 of 2
{applyFlowPrimaryQuestionsPage}
 {formField-34e9f48735b31000b02132f6249d0001}
label: Are you at least 18 years of age?*
  [dropdown] nothing chosen #primaryQuestionnaire--34e9f48735b31000b02132f6249d0001
 {formField-34e9f48735b31000b021339293d80002}
label: Can you submit verification of either your citizenship or your legal right to work in the United States for an
  [dropdown] nothing chosen #primaryQuestionnaire--34e9f48735b31000b021339293d80002
 {formField-34e9f48735b31000b021339293d80005}
label: Will you now or in the future require sponsorship (e.g., H-1B visa status, etc.) to work legally for Smithfiel
  [dropdown] nothing chosen #primaryQuestionnaire--34e9f48735b31000b021339293d80005
 {formField-34e9f48735b31000b021339293d80008}
label: Type of Employment Desired: (select all that apply)*
  <input:checkbox #19073f115d6b1027e1a081d3fc9c0001-34e9f48735b31000b021339293d required question-unanswered>
label: Full-Time
  <input:checkbox #19073f115d6b1027e1a081d3fc9c0002-34e9f48735b31000b021339293d required question-unanswered>
label: Part-Time
  <input:checkbox #19073f115d6b1027e1a081d3fc9c0003-34e9f48735b31000b021339293d required question-unanswered>
label: Seasonal
  <input:checkbox #19073f115d6b1027e1a0826ecdb70000-34e9f48735b31000b021339293d required question-unanswered>
label: Internship
 {formField-34e9f48735b31000b021342c45720004}
label: Do you have family members who are currently employed with any Smithfield Foods, Inc. company?*
  [dropdown] nothing chosen #primaryQuestionnaire--34e9f48735b31000b021342c45720004
 {formField-34e9f48735b31000b03d06853c630000}
label: Yearly Earnings Desired (Enter numbers only):*
  <input:text #primaryQuestionnaire--34e9f48735b31000b03d06853c630000 required empty>
 {formField-34e9f48735b31000b02134c622db0001}
label: Are you willing to relocate if required by the position?*
  [dropdown] nothing chosen #primaryQuestionnaire--34e9f48735b31000b02134c622db0001
 {formField-34e9f48735b31000b02134c622db0004}
label: Smithfield Foods, Inc. and its subsidiaries is an equal opportunity employer. All qualified applicants will re
  text: I certify that the information contained in this application is true and complete to the best of my knowledge. Any intentional misrepresenta
  [dropdown] nothing chosen #primaryQuestionnaire--34e9f48735b31000b02134c622db0004
  [button] Back {pageFooterBackButton}
  [button] Save and Continue {pageFooterNextButton}
# Follow Us
  [link]  {socialIcon}
  [link]  {socialIcon}
  [link]  {socialIcon}
  [link]  {socialIcon}
  [link]  {socialIcon}
  [link] Privacy Policy {privacyLink}
  text: © 2026 Workday, Inc. All rights reserved.

=== 2026-10-07 12:32:14  skipped  Coordinator - Reception/Conference Services @ davispolk
url: https://davispolk.wd5.myworkdayjobs.com/business-professionals-services-usa/job/New-York/Front-of-House-Coordinator_JR10351/apply/applyManually
stage: My Experience
why: can't truthfully answer required: Spoken Fluency*; Written Fluency*
  [link] Skip to main content {accessibilitySkipToMainContent}
  [link]  {logoLink}
  [button] Settings #settingsSelectorButton {utilityMenuButton}
  [button] <email> {utilityMenuButton} opens-true
  [button] Careers Home {navigationItem-Careers Home}
  [button] Search for Jobs {navigationItem-Search for Jobs}
  [button] Candidate Home {navigationItem-Candidate Home}
  [button] Job Alerts {navigationItem-Job Alerts}
{applyFlowPage}
  [button] Back to Job Posting {backToJobPosting}
# Coordinator - Reception and Conference Services
label: completed step 1 of 5
label: My Information
{progressBarActiveStep} current step 2 of 5 My Experience
label: current step 2 of 5
label: My Experience
label: step 3 of 5
label: Application Questions
label: step 4 of 5
label: Voluntary Disclosures
label: step 5 of 5
label: Review
# My Experience
{applyFlowMyExpPage}
# Work Experience
  text: Please provide details of your prior work history / industrial experience here.
# Work Experience 1
 {formField-jobTitle}
label: Job Title*
  <input:text #workExperience-24--jobTitle required empty>
 {formField-companyName}
label: Company*
  <input:text #workExperience-24--companyName required empty>
 {formField-location}
label: Location*
  <input:text #workExperience-24--location required empty>
 {formField-currentlyWorkHere}
label: I currently work here
  <input:checkbox #workExperience-24--currentlyWorkHere question-unanswered>
 {formField-startDate}
label: From*
  <input #workExperience-24--startDate-dateSectionMonth-input {dateSectionMonth-input} empty>
  <input #workExperience-24--startDate-dateSectionYear-input {dateSectionYear-input} empty>
  [button]  {dateIcon}
 {formField-endDate}
label: To*
  <input #workExperience-24--endDate-dateSectionMonth-input {dateSectionMonth-input} empty>
  <input #workExperience-24--endDate-dateSectionYear-input {dateSectionYear-input} empty>
  [button]  {dateIcon}
 {formField-roleDescription}
label: Role Description*
  <textarea #workExperience-24--roleDescription required empty>
  [button] Add Another {add-button}
# Education
  text: Please provide details of your formal education and/or degrees obtained.
  text: Please type in the name of the school you attended and press enter.
  text: If you don't see your school, please type in "School Not Found" and press enter.
# Education 1
 {formField-school}
label: School or University*
{multiSelectContainer}
  <input #education-25--school required empty>
 {formField-degree}
label: Degree*
  [dropdown] nothing chosen #education-25--degree
 {formField-fieldOfStudy}
label: Field of Study*
{multiSelectContainer}
  <input #education-25--fieldOfStudy required empty>
  [button] 
 {formField-gradeAverage}
label: Overall Result (GPA)
  <input:text #education-25--gradeAverage empty>
 {formField-firstYearAttended}
  <input #education-25--firstYearAttended-dateSectionYear-input {dateSectionYear-input} empty>
 {formField-lastYearAttended}
label: To (Actual or Expected)*
  <input #education-25--lastYearAttended-dateSectionYear-input {dateSectionYear-input} empty>
  [button] Add Another {add-button}
# Certifications
  text: Tell us about any professional certifications you hold which may be relevant to your application.
  [button] Add {add-button}
# Languages
  text: List each of the languages you speak, read or write and their proficiency levels.
# Languages 1
 {formField-language}
label: Language*
  [dropdown] nothing chosen #language-26--language
 {formField-native}
label: I am fluent in this language.
  <input:checkbox #language-26--native question-unanswered>
 {formField-558990bca3e4101b1efdd63179008ef5}
label: Spoken Fluency*
  [dropdown] nothing chosen #language-26--558990bca3e4101b1efdd63179008ef5
 {formField-558990bca3e4101b1efdd47b10218ef4}
label: Written Fluency*
  [dropdown] nothing chosen #language-26--558990bca3e4101b1efdd47b10218ef4
  [button] Add Another {add-button}
# Resume/CV
  text: Please upload a copy of your Career Resume / CV in support of your application.
 {formField-}
label: Upload a file (5MB max)*
  [button] Select files {select-files}
  <input:file {file-upload-input-ref} no-file>
# Websites
  text: Add any relevant websites.
  [button] Add {add-button}
# Social Network URLs
 {formField-linkedInAccount}
label: LinkedIn
  <input:text #socialNetworkAccounts--linkedInAccount empty>
  [button] Back {pageFooterBackButton}
  [button] Save and Continue {pageFooterNextButton}
# Follow Us
  [link]  {socialIcon}
  [link] Privacy Policy Notice {privacyLink}
  text: © 2026 Workday, Inc. All rights reserved.

=== 2026-10-07 12:33:38  skipped  Associate Underwriter, North @ archgroup
url: https://archgroup.wd1.myworkdayjobs.com/careers/job/New-York-NY-United-States-of-America/Associate-Underwriter--North_R26_978/apply/applyManually
stage: Application Questions
why: can't truthfully answer required: Are you capable of performing the essential functions of the
  [link] Skip to main content {accessibilitySkipToMainContent}
  [link]  {logoLink}
  [button] Settings #settingsSelectorButton {utilityMenuButton}
  [button] <email> {utilityMenuButton} opens-true
  [button] Careers {navigationItem-Careers}
  [button] Search for Jobs {navigationItem-Search for Jobs}
  [button] Candidate Home {navigationItem-Candidate Home}
  [button] Job Alerts {navigationItem-Job Alerts}
{applyFlowPage}
  [button] Back to Job Posting {backToJobPosting}
# Associate Underwriter, North
label: completed step 1 of 5
label: My Information
label: completed step 2 of 5
label: My Experience
{progressBarActiveStep} current step 3 of 5 Application Questions
label: current step 3 of 5
label: Application Questions
label: step 4 of 5
label: Voluntary Disclosures
label: step 5 of 5
label: Review
# Application Questions
{applyFlowPrimaryQuestionsPage}
 {formField-526fc6eb7ecb1001190c35f5c7aa0000}
label: Are you legally eligible to work in the country for which you are applying?*
  [dropdown] nothing chosen #primaryQuestionnaire--526fc6eb7ecb1001190c35f5c7aa0000
 {formField-526fc6eb7ecb1001192740c6d6ff0000}
label: Do you require Arch to sponsor you to obtain, maintain, or extend your work eligibility? Sponsorship refers to
  text: Do you require Arch to sponsor you to obtain, maintain, or extend your work eligibility?
  [dropdown] nothing chosen #primaryQuestionnaire--526fc6eb7ecb1001192740c6d6ff0000
 {formField-526fc6eb7ecb1001190c37294d520006}
label: Do you have a non-compete or non-solicitation agreement in place with your employer (current/past)?*
  [dropdown] nothing chosen #primaryQuestionnaire--526fc6eb7ecb1001190c37294d520006
 {formField-61235e0f070a1001192bd7d56d440000}
label: Do you have any family members or relatives who currently work at Arch?*
  [dropdown] nothing chosen #primaryQuestionnaire--61235e0f070a1001192bd7d56d440000
 {formField-526fc6eb7ecb1001190c37294d520009}
label: Are you capable of performing the essential functions of the job for which you are applying with or without re
  [dropdown] nothing chosen #primaryQuestionnaire--526fc6eb7ecb1001190c37294d520009
 {formField-526fc6eb7ecb1001190c3d2b264d0006}
label: I attest that the information I have provided on my application is accurate and complete. I understand that an
  [dropdown] nothing chosen #primaryQuestionnaire--526fc6eb7ecb1001190c3d2b264d0006
  [button] Back {pageFooterBackButton}
  [button] Save and Continue {pageFooterNextButton}
# Follow Us
  [link]  {socialIcon}
  [link] Privacy Policy {privacyLink}
  text: © 2026 Workday, Inc. All rights reserved.

=== 2026-10-07 12:34:00  blocked  Analyst, Operations - Transfers @ axos-bank
url: https://www.builtincolorado.com/job/analyst-operations-transfers/11515408
why: could not find the employer's application page
  [button] COLORADO
  [button] 
  [button] FOR EMPLOYERS
  text: Analyst, Operations - Transfers
# Axos Bank
# Analyst, Operations - Transfers
  text: Supports financial-services operations by reviewing documentation, processing client requests, analyzing information for quality, coordinati
  text: The summary above was generated by AI
  text: Actual starting pay will vary based on factors including, but not limited to, geographic location, experience, skills, specialty, and educat
  text: These discretionary target bonuses may be awarded semi-annually based upon your achievement of performance goals and targets.
  text: Review documentation and process requests.
  text: Analyze information to ensure high level quality.
  text: Interface with a variety of systems and departments to resolve tasks.
  text: Take initiative to identify and implement opportunities for process improvement.
  text: Perform other duties as assigned.
  text: Typically 1-2 years of relevant experience in an office or professional environment required.
  text: Exposure to financial services or related industry preferred.
  text: Demonstrated ability to learn operational processes and apply business acumen.
  text: Axos Employee Benefits May Include:
  text: Medical, Dental, Vision, and Life Insurance
  text: Paid Sick Leave, 3 weeks’ Vacation, and Holidays (about 11 a year)
  text: HSA or FSA account and other voluntary benefits
  text: 401(k) Retirement Saving Plan with Employer Match Program and 529 Savings Plan
  text: Employee Mortgage Loan Program and free access to an Axos Bank Account with Self-Directed Trading
  text: Born digital-first, Axos delivers financial tools and services that allow individuals, small businesses, and companies to access and manage 
  text: Axos Financial is our holding company and is publicly traded on the New York Stock Exchange under the symbol "AX" (NYSE: AX).
  text: Learn more about working at Axos
  text: Pre-Employment Background Check and Drug Test:
  text: All offers are contingent upon the candidate successfully passing a credit check, criminal background check, and pre-employment drug screeni
  text: Equal Employment Opportunity:
  text: Axos is an Equal Opportunity employer. We are committed to providing equal employment opportunities to all employees and applicants without 
  text: Job Functions and Work Environment:
  text: While performing the duties of this position, the employee is required to sit for extended periods of time. Manual dexterity and coordinatio
  text: The work environment characteristics described here are representative of those an employee may encounter while performing the essential fun
  text: E-Verify and Right to Work Notices
  text: Axos participates in the U.S. Department of Homeland Security E-Verify program in all facilities located in the United States. The E-Verify 
  text: IER Right to Work Poster (English/Spanish)
  text: E-Verify Participation Poster (English/Spanish)
  [button] Read Full Description
# Axos Bank Centennial, Colorado, USA Office
  text: Centennial, United States, 80112
<iframe https://www.google.com/maps/embed/v1/search>
# Similar Jobs
# Manager, Financial Reporting - Nonprofit Clients
  [button] 
# Manager, Accounting Advisory Services - Nonprofit Industry Clients
  [button] 
# Senior Manager, Accounting Advisory - Nonprofit Industry Clients
  [button] 
# What you need to know about the Colorado Tech Scene
# Key Facts About Colorado Tech
  text: Number of Tech Workers: 260,000; 8.5% of overall workforce (2024 CompTIA survey)
  text: Major Tech Employers: Lockheed Martin, Century Link, Comcast, BAE Systems, Level 3
  text: Funding Landscape: $4.9 billion in VC funding in 2024 (Pitchbook)
  text: Notable Investors: Access Venture Partners, Ridgeline Ventures, Techstars, Blackhorn Ventures
  text: Research Centers and Universities: Colorado School of Mines, University of Colorado Boulder, University of Denver, Colorado State University
  <input:text #first-name required empty>
  <input:text #last-name required empty>
  <input:text #user-email required empty>
  [button] CONTINUE disabled
  text: share your profile information
  text: Become an Expert Contributor
  text: © 2026 Built In. All rights reserved.
  text: Learning Lab User Agreement
  text: Your Privacy Choices/Cookie Settings

=== 2026-10-07 12:35:06  skipped  2027 Management Development Program - Wilmington Advisors (Buffalo, NY) @ mtb
url: https://mtb.wd5.myworkdayjobs.com/campus/job/Buffalo-NY/XMLNAME-2027-Management-Development-Program---Wilmington-Advisors--Buffalo--NY-_R89084/apply/applyManually
stage: Application Questions
why: can't truthfully answer required: Have you ever been involuntarily discharged (excluding workf; If employed by M&T Bank, do you intend to hold a position wi
  [link] Skip to main content {accessibilitySkipToMainContent}
  [button] Settings #settingsSelectorButton {utilityMenuButton}
  [button] <email> {utilityMenuButton} opens-true
  [button] Search for Jobs {navigationItem-Search for Jobs}
  [button] Candidate Home {navigationItem-Candidate Home}
{applyFlowPage}
  [button] Back to Job Posting {backToJobPosting}
# 2027 Management Development Program - Wilmington Advisors (Buffalo, NY)
label: completed step 1 of 5
label: My Information
label: completed step 2 of 5
label: My Experience
{progressBarActiveStep} current step 3 of 5 Application Questions
label: current step 3 of 5
label: Application Questions
label: step 4 of 5
label: Voluntary Disclosures
label: step 5 of 5
label: Review
# Application Questions
{applyFlowPrimaryQuestionsPage}
  text: Please complete these standard questions as part of our employment application process.
 {formField-34d692e4095e018bff1c3764de12ab0c}
label: Will you now or in the future require sponsorship for employment visa status (e.g. CPT/OPT , TN-1 , or H1-B vi
  [dropdown] nothing chosen #primaryQuestionnaire--34d692e4095e018bff1c3764de12ab0c
 {formField-34d692e4095e01d0f4593764de12b00c}
label: Are you legally eligible to work in the country to which you are applying?*
  [dropdown] nothing chosen #primaryQuestionnaire--34d692e4095e01d0f4593764de12b00c
 {formField-34d692e4095e011db9913764de12b50c}
label: Are you at least 18 years old?*
  [dropdown] nothing chosen #primaryQuestionnaire--34d692e4095e011db9913764de12b50c
 {formField-34d692e4095e01a6c1b63764de12b80c}
label: Do you have any FINRA registrations , state insurance licenses and/or designations ( i.e. Series 6, Life and H
  [dropdown] nothing chosen #primaryQuestionnaire--34d692e4095e01a6c1b63764de12b80c
 {formField-34d692e4095e01a1e5cb3764de12bb0c}
label: Do you have a relative or significant other that works for M&T or any of its subsidiaries?*
  [dropdown] nothing chosen #primaryQuestionnaire--34d692e4095e01a1e5cb3764de12bb0c
 {formField-34d692e4095e01c596033864de12bf0c}
label: Have you previously done work for M&T, its subsidiaries, or affiliates , or prior banks acquired by M&T as an 
  [dropdown] nothing chosen #primaryQuestionnaire--34d692e4095e01c596033864de12bf0c
 {formField-34d692e4095e0101f9213864de12c30c}
label: Are you obligated under any contract, agreement or understanding of a previous employer or otherwise, that cou
  [dropdown] nothing chosen #primaryQuestionnaire--34d692e4095e0101f9213864de12c30c
 {formField-34d692e4095e011fde353864de12c60c}
label: Have you ever been involuntarily discharged (excluding workforce restructures) or asked to resign from a posit
  [dropdown] nothing chosen #primaryQuestionnaire--34d692e4095e011fde353864de12c60c
 {formField-34d692e4095e01b5d9493864de12c90c}
label: If employed by M&T Bank, do you intend to hold a position with any outside entity (i.e. serving on the board o
  [dropdown] nothing chosen #primaryQuestionnaire--34d692e4095e01b5d9493864de12c90c
 {formField-34d692e4095e0155ff5d3864de12cc0c}
label: Have you ever served as a public official or been employed by a governmental body or agency (federal , state o
  [dropdown] nothing chosen #primaryQuestionnaire--34d692e4095e0155ff5d3864de12cc0c
  [button] Back {pageFooterBackButton}
  [button] Save and Continue {pageFooterNextButton}
  text: © 2026 Workday, Inc. All rights reserved.

=== 2026-10-07 12:35:17  blocked  Business Systems Analyst, IT Vendor Operations @ cash-app
url: https://www.builtinla.com/job/business-systems-analyst-it-vendor-operations/11535132
why: could not find the employer's application page
  [button] LOS ANGELES
  [button] 
  [button] FOR EMPLOYERS
  text: Business Systems Analyst, IT Vendor Operations
# Cash App
# Business Systems Analyst, IT Vendor Operations
  text: Supports identity and access management, troubleshoots technical issues across Salesforce, Amazon Connect, Okta, and internal systems, and r
  text: The summary above was generated by AI
  text: Support identity and access management administration for an entire suite of applications, balancing routine operational tasks (~40%) with c
  text: Triage and resolve technical support tickets spanning Salesforce, Amazon Connect, Toolbox, Regulator, Registry, internal tax tools, and othe
  text: Troubleshoot bugs, system errors, and unexpected behaviors reported by internal team members and escalate to engineering when needed
  text: Process and validate access requests for various systems and roles
  text: Perform system validation to ensure tools work as intended for support teams and customers
  text: Manage technical escalations through Jira, coordinating with engineering and product teams to drive resolution
  text: Support SEV management as a liaison between support teams and engineers during critical system incidents
  text: Automate and improve operational workflows to reduce manual effort and improve response times
  text: Document troubleshooting steps, known issues, and resolution paths to build a shared knowledge base
  text: Partner cross-functionally with teams across Block to identify recurring pain points and advocate for systemic fixes
  text: Experience in IT support, business systems, or technical operations - ideally in a support or customer care environment
  text: Familiarity with Salesforce administration or configuration (flows, queues, skills, user management)
  text: Strong troubleshooting and analytical skills - you can break down a vague bug report into a clear, reproducible issue
  text: Effective and clear communication (written and verbal) - you'll be translating between technical and non-technical audiences daily
  text: Comfort working in Jira or similar ticketing systems for tracking and managing work
  text: Ability to read and interpret code, logs, and system configurations
  text: Methodical, highly organized, and detail-oriented with a high level of accuracy
  text: A bias toward action - you'd rather dig in and figure it out than wait for someone else to
  text: Experience with Amazon Connect, telephony systems, or contact center platforms is a plus
  text: Familiarity with Okta, IAM, or access management workflows is a plus
  text: Scripting or automation experience (Python, JavaScript, or similar) is a plus
  text: Technologies We Use and Teach
  text: AI-assisted development tools
  text: Want to learn more about what we're doing to build a workplace that is fair and square? Check out our
  text: Use of AI in Our Hiring Process
  [button] Read Full Description
# Cash App Los Angeles, California, USA Office
  text: Los Angeles, CA, United States
<iframe https://www.google.com/maps/embed/v1/search>
# Similar Jobs at Cash App
# Software Engineer
  [button] 
# Growth Manager, Activation & Habituation
  [button] 
# Senior Data Scientist
  [button] 
# What you need to know about the Los Angeles Tech Scene
# Key Facts About Los Angeles Tech
  text: Number of Tech Workers: 375,800; 5.5% of overall workforce (2024 CompTIA survey)
  text: Major Tech Employers: Snap, Netflix, SpaceX, Disney, Google
  text: Funding Landscape: $11.6 billion in venture capital funding in 2024 (Pitchbook)
  text: Notable Investors: Strong Ventures, Fifth Wall, Upfront Ventures, Mucker Capital, Kittyhawk Ventures
  text: Research Centers and Universities: California Institute of Technology, UCLA, University of Southern California, UC Irvine, Pepperdine, Calif
  text: share your profile information
  text: Become an Expert Contributor
  text: © 2026 Built In. All rights reserved.
  text: Learning Lab User Agreement
  text: Your Privacy Choices/Cookie Settings

=== 2026-10-07 12:36:38  unconfirmed  Construction Management Trainee @ heidelbergmaterials
url: https://heidelbergmaterials.wd3.myworkdayjobs.com/en-US/global_hm_career_site
stage: Review
why: no confirmation after submit; page errors: ['Search for Jobs page is loaded']; server said: POST https://www.linkedin.com/li/track -> 200; POST https://www.linkedin.com/li/track -> 200; POST https://www.linkedin.com/li/track -> 200; page ends: "er A minimum of 8 characters Email Address* Password* Verify New Password* Create Account Already have an account? Sign In Forgot your password? Enter webs
  [link] Skip to main content {accessibilitySkipToMainContent}
  [button] English #languageSelectorButton {utilityMenuButton}
  [button] Sign In {utilityButtonSignIn}
  [button] Careers Home {navigationItem-Careers Home}
  [button] Search for Jobs {navigationItem-Search for Jobs}
  <input:text #udwf2 {keywordSearchInput} empty>
  [button] Search {keywordSearchButton}
label: Filters
  [button] Location {distanceLocation}
  [button] Time Type {employmentType}
! Search for Jobs page is loaded
# Dozer Operator
# Ausbildung zum Beton- und Stahlbetonbauer (w/m/d) I Handwerk & Bau
  text: DEU > Vockerode > Griesener Strasse 32 > 38,35h
# Ausbildung zum Verfahrensmechaniker (m/w/d) I Schwerpunkt Betonfertigteilproduktion
# Ausbildung zum/zur Industriekaufmann / Industriekauffrau (m/w/d)
# Ausbildung zum Beton- und Stahlbetonbauer (w/m/d) I Handwerk & Bau
# Ausbildung zum Beton- und Stahlbetonbauer (w/m/d) I Handwerk & Bau
# Ausbildung zum Verfahrensmechaniker (m/w/d) I Schwerpunkt Betonfertigteilproduktion
# Ausbildung zum Beton- und Stahlbetonbauer (w/m/d) I Handwerk & Bau
# Ausbildung zum Bautechnischen Konstrukteur (w/m/d) I Bauzeichner
# Ausbildung zum Verfahrensmechaniker (m/w/d) I Schwerpunkt Betonfertigteilproduktion
  text: DEU > Penig > Am Zeisig 9 > 41h
# Ausbildung zum Beton- und Stahlbetonbauer (w/m/d)
# Ausbildung zum Bautechnischen Konstrukteur (w/m/d) I Bauzeichner
# Duales Studium Bauingenieurwesen (Hoch- und Ingenieurbau) (m/w/d)
# Ausbildung zum Beton- und Stahlbetonbauer (w/m/d)
  text: DEU > Mittelbach > Gewerbeallee 2+6 > 41h
# Ausbildung zum Holzmechaniker (w/m/d)
# Duales Studium BWL – Baubetriebsmanagement (m/w/d)
# Ausbildung zum/zur Industriekaufmann / Industriekauffrau (m/w/d)
# Maschinen- und Anlagenführer (w/m/d) Recklinghausen
# Betonmischerfahrer / Berufskraftfahrer / LKW Fahrer (w/m/d) Stade
# Schichtelektriker (w/m/d) Hannover
  [button] 1
  [button] 2
  [button] 3
  [button] 4
  [button] 5
  [button] 
# Welcome
  text: Shaping the future, building successes
  text: Heidelberg Materials – your springboard into the future of the construction materials industry. As a globally leading company in the constru
  [button] Read More {readMore}
# About us
  text: Heidelberg Materials is one of the world's largest integrated manufacturers of building materials and solutions with leading market position
  text: At the centre of our actions lies the responsibility for the environment. As the front runner on the path to carbon neutrality and circular 
  [button] Read More {readMore}
  [link] Recruitment Privacy Policy {privacyLink}
  text: © 2026 Workday, Inc. All rights reserved.
(dialog)
  [button] 
{signInContent}
# Congratulations!
  text: Thank you for your application.
  text: Please create an account to check your application status, manage in-progress applications and quickly apply to future jobs.
 {formField-email}
label: Email Address*
  <input:text #input-16 {email} required filled>
 {formField-password}
label: Password*
  <input:password #input-17 {password} required>
 {formField-verifyPassword}
label: Verify New Password*
  <input:password #input-18 {verifyPassword} required>
  [button]  {click_filter}
  [button] Create Account {createAccountSubmitButton}
  [button] Sign In {signInLink}
  [button] Forgot your password? {forgotPasswordLink}
label: Enter website. This input is for robots only, do not enter if you're human.
  <input:text #f9ddcef7-5765-4585-a0de-3c120a59cb9b {beecatcher} empty>

=== 2026-10-07 12:38:37  skipped  Associate Underwriter, West @ archgroup
url: https://archgroup.wd1.myworkdayjobs.com/careers/job/Los-Angeles-CA-United-States-of-America/Associate-Underwriter--West_R26_981/apply/applyManually
stage: Application Questions
why: can't truthfully answer required: Are you capable of performing the essential functions of the
  [link] Skip to main content {accessibilitySkipToMainContent}
  [link]  {logoLink}
  [button] Settings #settingsSelectorButton {utilityMenuButton}
  [button] <email> {utilityMenuButton} opens-true
  [button] Careers {navigationItem-Careers}
  [button] Search for Jobs {navigationItem-Search for Jobs}
  [button] Candidate Home {navigationItem-Candidate Home}
  [button] Job Alerts {navigationItem-Job Alerts}
{applyFlowPage}
  [button] Back to Job Posting {backToJobPosting}
# Associate Underwriter, West
label: completed step 1 of 5
label: My Information
label: completed step 2 of 5
label: My Experience
{progressBarActiveStep} current step 3 of 5 Application Questions
label: current step 3 of 5
label: Application Questions
label: step 4 of 5
label: Voluntary Disclosures
label: step 5 of 5
label: Review
# Application Questions
{applyFlowPrimaryQuestionsPage}
 {formField-526fc6eb7ecb1001190c35f5c7aa0000}
label: Are you legally eligible to work in the country for which you are applying?*
  [dropdown] nothing chosen #primaryQuestionnaire--526fc6eb7ecb1001190c35f5c7aa0000
 {formField-526fc6eb7ecb1001192740c6d6ff0000}
label: Do you require Arch to sponsor you to obtain, maintain, or extend your work eligibility? Sponsorship refers to
  text: Do you require Arch to sponsor you to obtain, maintain, or extend your work eligibility?
  [dropdown] nothing chosen #primaryQuestionnaire--526fc6eb7ecb1001192740c6d6ff0000
 {formField-526fc6eb7ecb1001190c37294d520006}
label: Do you have a non-compete or non-solicitation agreement in place with your employer (current/past)?*
  [dropdown] nothing chosen #primaryQuestionnaire--526fc6eb7ecb1001190c37294d520006
 {formField-61235e0f070a1001192bd7d56d440000}
label: Do you have any family members or relatives who currently work at Arch?*
  [dropdown] nothing chosen #primaryQuestionnaire--61235e0f070a1001192bd7d56d440000
 {formField-526fc6eb7ecb1001190c37294d520009}
label: Are you capable of performing the essential functions of the job for which you are applying with or without re
  [dropdown] nothing chosen #primaryQuestionnaire--526fc6eb7ecb1001190c37294d520009
 {formField-526fc6eb7ecb1001190c3d2b264d0006}
label: I attest that the information I have provided on my application is accurate and complete. I understand that an
  [dropdown] nothing chosen #primaryQuestionnaire--526fc6eb7ecb1001190c3d2b264d0006
  [button] Back {pageFooterBackButton}
  [button] Save and Continue {pageFooterNextButton}
# Follow Us
  [link]  {socialIcon}
  [link] Privacy Policy {privacyLink}
  text: © 2026 Workday, Inc. All rights reserved.

=== 2026-10-07 12:39:39  skipped  Associate Enterprise AI Solutions @ wwecorp
url: https://wwecorp.wd5.myworkdayjobs.com/TKO/job/Remote---New-York/Associate-Enterprise-AI-Solutions_R0008633/apply/applyManually
stage: My Experience
why: stuck on Workday's 'My Experience' page; Workday says: ['the page did not move on after Next']; fields flagged: none
  [link] Skip to main content {accessibilitySkipToMainContent}
  [link]  {logoLink}
  [button] Settings #settingsSelectorButton {utilityMenuButton}
  [button] <email> {utilityMenuButton} opens-true
  [button] Search for Jobs {navigationItem-Search for Jobs}
  [button] Candidate Home {navigationItem-Candidate Home}
{applyFlowPage}
  [button] Back to Job Posting {backToJobPosting}
# Associate Enterprise AI Solutions
label: completed step 1 of 5
label: My Information
{progressBarActiveStep} current step 2 of 5 My Experience
label: current step 2 of 5
label: My Experience
label: step 3 of 5
label: Application Questions
label: step 4 of 5
label: Voluntary Disclosures
label: step 5 of 5
label: Review
# My Experience
{applyFlowMyExpPage}
# Work Experience
  [button] Add {add-button}
# Education
  [button] Add {add-button}
# Skills
 {formField-skills}
label: Type to Add Skills
{multiSelectContainer}
  <input #skills--skills empty>
# Resume/CV
 {formField-}
label: Upload a file (5MB max)
  [button] Select files {select-files}
  <input:file {file-upload-input-ref} no-file>
  text: <file>
  [button]  {delete-file}
# Websites
  text: Add any relevant websites.
  [button] Add {add-button}
# Social Network URLs
 {formField-facebookAccount}
label: Please enter your LinkedIn Information
  <input:text #socialNetworkAccounts--facebookAccount empty>
  [button] Back {pageFooterBackButton}
  [button] Save and Continue {pageFooterNextButton}
  [link] Candidate Privacy Policy {privacyLink}
  text: © 2026 Workday, Inc. All rights reserved.

=== 2026-10-07 12:40:39  skipped  Revenue Management and Pricing Analyst @ essex
url: https://essex.wd5.myworkdayjobs.com/essexcareers/job/Orange-County---North/Revenue-Management-Support-Specialist_R9432/apply/applyManually
stage: Application Questions
why: can't truthfully answer required: Do you have a familial or personal relationship with a vendo; Are there any other circumstances not already disclosed that; Do you curently hold a bachelor's degree, or are you on trac
  [link] Skip to main content {accessibilitySkipToMainContent}
  [link]  {logoLink}
# Essex Careers
  [button] Sign In {utilityButtonSignIn}
  [button] Career Site Home {navigationItem-Career Site Home}
  [button] Search for Jobs {navigationItem-Search for Jobs}
  [button] Introduce Yourself {navigationItem-Introduce Yourself}
{applyFlowPage}
  [button] Back to Job Posting {backToJobPosting}
# Revenue Management and Pricing Analyst
label: completed step 1 of 5
label: My Information
label: completed step 2 of 5
label: My Experience
{progressBarActiveStep} current step 3 of 5 Application Questions
label: current step 3 of 5
label: Application Questions
label: step 4 of 5
label: Voluntary Disclosures
label: step 5 of 5
label: Review
# Application Questions
{applyFlowPrimaryQuestionsPage}
  text: We appreciate your interest in Essex Property Trust, Inc. We are an equal employment opportunity employer. Applicants are considered for pos
  text: As part of our pre-employment process, after a conditional offer of employment, we conduct background checks and search of public records, i
  text: In addition, certain roles may require the successful completion of a pre-employment drug test. This drug test is a standard procedure for c
  text: NOTICE TO APPLICANTS & EMPLOYEES OF LOS ANGELES COUNTY -
  text: FAIR CHANCE INITIATIVE FOR HIRING ORDINANCE
 {formField-d8fec30096741000c0bafe1584d00000}
label: Desired starting wage/salary*
  <textarea #primaryQuestionnaire--d8fec30096741000c0bafe1584d00000 required empty>
 {formField-d8fec30096741000c0bafeaf241d0000}
label: Are you 18 years of age or older?*
  [dropdown] nothing chosen #primaryQuestionnaire--d8fec30096741000c0bafeaf241d0000
 {formField-d8fec30096741000c0baff48c4710002}
label: Have you ever been employed by Essex or BRE Properties?*
  [dropdown] nothing chosen #primaryQuestionnaire--d8fec30096741000c0baff48c4710002
 {formField-6d95332f7bdc10015ec08de5446d0000}
label: Do you have a familial or close personal relationship with a current Company employee, officer, director, cont
  text: describe—Name/Dept/Relationship,
  <textarea #primaryQuestionnaire--6d95332f7bdc10015ec08de5446d0000 required empty>
 {formField-6d95332f7bdc10015ec08e7f73e60000}
label: Do you have a familial or personal relationship with a vendor, supplier, customer, or competitor that is relev
  text: —Organization/Contact/Relationship
  <textarea #primaryQuestionnaire--6d95332f7bdc10015ec08e7f73e60000 required empty>
 {formField-6d95332f7bdc10015ec08e7f73e60001}
label: Are there any other circumstances not already disclosed that could pose or appear to pose a conflict of intere
  <textarea #primaryQuestionnaire--6d95332f7bdc10015ec08e7f73e60001 required empty>
 {formField-d8fec30096741000c0baffe256530004}
label: Do you have authorization to work in the U.S.?*
  [dropdown] nothing chosen #primaryQuestionnaire--d8fec30096741000c0baffe256530004
 {formField-d8fec30096741000c0baffe256530007}
label: Will you now or at any point in the future require or request Essex Property Trust to commence or support ("sp
  [dropdown] nothing chosen #primaryQuestionnaire--d8fec30096741000c0baffe256530007
 {formField-d8fec30096741000c0baffe25653000a}
label: Do you curently hold a bachelor's degree, or are you on track to graduate before the anticpated start date of 
  [dropdown] nothing chosen #primaryQuestionnaire--d8fec30096741000c0baffe25653000a
 {formField-d8fec30096741000c0bb007c27700002}
label: Do you have any other experience, skills or qualifications which you feel would benefit Essex Property Trust, 
  <textarea #primaryQuestionnaire--d8fec30096741000c0bb007c27700002 empty>
  [button] Back {pageFooterBackButton}
  [button] Next {pageFooterNextButton}
# Follow Us
  [link]  {socialIcon}
  [link]  {socialIcon}
  [link]  {socialIcon}
  [link]  {socialIcon}
  [link]  {socialIcon}
  [link] Privacy Policy {privacyLink}
  text: © 2026 Workday, Inc. All rights reserved.

=== 2026-10-07 12:40:52  skipped  Client Enablement Specialist @ pactfi
url: https://jobs.ashbyhq.com/pactfi/6f93d9b3-d207-4e74-870b-80ff145df200/application
stage: page 1
why: can't truthfully answer required: Will you now or in the future require employer sponsorship f
# Client Enablement Specialist
# Location
# Employment Type
# Location Type
# Department
# Compensation
  text: $90K – $120K • Offers Equity
  <input:file no-file>
# Autofill from resume
  text: Upload your resume here to autofill key application fields.
  [button] Upload file
label: Name
  <input:text #_systemfield_name required empty>
label: Email
  <input:email #_systemfield_email required empty>
label: Resume
  <input:file #_systemfield_resume required no-file>
  [button] Upload File
label: Home Address
  <input:text #e96e2567-a078-4739-a052-539762e68db3 required empty>
label: Are you legally authorized to work in the United States?
  <textarea #6c708b1d-cdc6-4d4d-9246-000d71d4ee6b required empty>
label: Will you now or in the future require employer sponsorship for employment visa status (for example, H-1B statu
  <textarea #79787116-896d-425d-8d82-7d824781b905 required empty>
label: This role is based in our NYC headquarters. Are you ok with working in the office 4 days per week?
  <textarea #ed305b8f-13b8-44e4-ae4a-9a2fda3ff554 required empty>
  [button] Submit Application

=== 2026-10-07 12:41:14  skipped  GTM Enablement - Delivery Program Specialist @ parloa
url: https://job-boards.eu.greenhouse.io/parloa/jobs/4972381101
stage: page 1
why: can't truthfully answer required: Where would you like to work from?*; How good is your English?*
# GTM Enablement - Delivery Program Specialist
  [button] Apply
# About Parloa
  text: Parloa’s mission is to make every customer conversation feel effortless for both customers and the companies serving them. As agentic AI acc
# About the role:
  text: Delivery Program Specialist
  text: This is a high-volume, high-coordination role with real visibility into how an enablement function runs, and a clear growth path into a prog
# Areas of ownership:
  text: Support logistics for GKO and other large-scale enablement events, including attendee tracking, vendor coordination, materials, and run-of-s
# Who you are:
  text: Sound judgment about what to handle yourself and what to escalate
# Our recruiting process:
# Why Parloa?
  text: We’re at the beginning of a new era in customer experience, one where AI doesn’t just respond, but understands, reasons, and takes action. W
  text: At Parloa, ownership isn’t a buzzword; it means being accountable for outcomes, not just tasks. We operate in a category that’s evolving fas
# 
  text: We’ve grown beyond the earliest startup phase, but we’ve kept the intensity: fast execution, direct feedback, and a strong expectation to co
  text: Backed by leading global investors like General Catalyst, EQT Ventures, and Altimeter Capital, we’re scaling with a clear ambition: to becom
<iframe https://www.youtube.com/embed/P4d-iyx7RQM>
  text: Parloa is committed to upholding the highest data protection standards for our clients' and employees' data. All our employees are instrumen
  text: Please click here to learn more
  text: We provide equal opportunities to all qualified applicants regardless race, gender, sexual orientation, age, religion, national origin, disa
  text: Interested in building your career at Parloa? Get future opportunities sent straight to your email.
# Apply for this job
  text: indicates a required field
  [button] Autofill my application
label: First Name*
  <input:text #first_name required empty>
label: Last Name*
  <input:text #last_name required empty>
label: Email*
  <input:text #email required empty>
label: Phone
label: Country*
  <input:text #country required empty>
  [button] 
  <input required empty>
  <input:tel #phone required empty>
  [button] Attach
label: Attach
  <input:file #resume no-file>
  [button] Dropbox
  [button] Google Drive
  [button] Enter manually
label: Enter manually
  text: Accepted file types: pdf, doc, docx, txt, rtf
  [button] Attach
  <input:file #cover_letter no-file>
  [button] Dropbox
  [button] Google Drive
  [button] Enter manually
label: If possible, please link your LinkedIn Profile here.
  <input:text #question_9623489101 empty>
label: What is your salary expectation?*
  <input:text #question_9623490101 required empty>
  text: Please also mention your ideal base/bonus split and on-target expectations.
label: When would you be able to start a new job? Or what is your notice period?*
  <input:text #question_9623491101 required empty>
label: Where would you like to work from?*
  <input:text #question_9623492101 required empty>
  [button] 
  <input required empty>
label: How do you identify?*
  <input:text #question_9623493101 required empty>
  [button] 
  <input required empty>
  text: For diversity purposes we'd like to ask you to declare your gender.
label: Do you require visa sponsorship?*
  <input:text #question_9623494101 required empty>
  [button] 
  <input required empty>
label: Will you require relocation?*
  <input:text #question_9623495101 required empty>
  [button] 
  <input required empty>
label: How good is your English?*
  <input:text #question_9623496101 required empty>
  [button] 
  <input required empty>
label: Please confirm that you have read our GDPR statement.*
  <input:text #question_9623497101 required empty>
  [button] 
  <input required empty>
# Voluntary Self-Identification
  text: For government reporting purposes, we ask candidates to respond to the below self-identification survey. Completion of the form is entirely 
  text: As set forth in Parloa’s Equal Employment Opportunity policy, we do not discriminate on the basis of any protected group status under any ap
label: Gender
  <input:text #gender empty>
  [button] 
label: Are you Hispanic/Latino?
  <input:text #hispanic_ethnicity empty>
  [button] 
  text: Race & Ethnicity Definitions
  text: If you believe you belong to any of the categories of protected veterans listed below, please indicate by making the appropriate selection. 
  text: A "disabled veteran" is one of the following: a veteran of the U.S. military, ground, naval or air service who is entitled to compensation (
  text: A "recently separated veteran" means any veteran during the three-year period beginning on the date of such veteran's discharge or release f
  text: An "active duty wartime or campaign badge veteran" means a veteran who served on active duty in the U.S. military, ground, naval or air serv
  text: An "Armed forces service medal veteran" means a veteran who, while serving on active duty in the U.S. military, ground, naval or air service
label: Veteran Status
  <input:text #veteran_status empty>
  [button] 
  <input:checkbox #gdpr_processing_consent_given_1 required question-unanswered>
label: By checking this box, I agree to allow Parloa to store and process my data for the purpose of considering my e
  <input:checkbox #gdpr_retention_consent_given_1 question-unanswered>
label: By checking this box, I agree to allow Parloa to retain my data for future opportunities for employment for up
  [button] Submit application
<iframe https://www.recaptcha.net/recaptcha/enterprise/anchor>

=== 2026-10-07 12:41:50  unconfirmed  Sales Insights Analyst @ vertice
url: https://jobs.ashbyhq.com/vertice/6d6ab0c5-5044-41e4-b159-dfe86f4680f2/application
stage: page 1
why: no confirmation after submit; server said: POST https://jobs.ashbyhq.com/api/non-user-graphql -> 200; POST https://jobs.ashbyhq.com/api/non-user-graphql -> 200; page ends: 'require sponsorship to work in the US? Yes No Are you able to come into our NYC office on Tuesdays/Wednesdays? Yes No Recruiting Privacy Policy Submit Application Powered by Privacy PolicySecurityVulnerability Disclosure'
# Sales Insights Analyst
# Location
  text: New York City; United States
# Address
  text: New York, United States, New York
# Employment Type
# Location Type
# Department
  <input:file no-file>
# Autofill from resume
  text: Upload your resume here to autofill key application fields.
  [button] Upload file
label: Name
  <input:text #_systemfield_name required filled>
label: Email
  <input:email #_systemfield_email required filled>
label: Resume
  <input:file #_systemfield_resume required has-file>
  text: <file>
  [button] 
  [button] Replace
label: Phone
  <input:text #phone required filled>
label: Cover Letter
  <input:file #cover_letter no-file>
  [button] Upload File
label: LinkedIn Profile
  <input:text #question_5153082101 filled>
label: Website
  <input:text #question_5153083101 filled>
label: Salary Expectations
  <input:text #question_5153084101 required filled>
label: Notice Period
  <input:text #question_5153085101 required filled>
label: Do you require sponsorship to work in the US?
  [button] Yes
  [button] No
  <input:checkbox name=question_5153086101 question-unanswered>
label: Are you able to come into our NYC office on Tuesdays/Wednesdays?
  [button] Yes
  [button] No
  <input:checkbox name=cdf053b3-cb46-40f4-b768-355aebe7c14d question-unanswered>
  [button] Submit Application

=== 2026-10-07 12:43:27  skipped  Optimization Analyst (Eligibility Focus) @ pivotal-health
url: https://jobs.ashbyhq.com/pivotal-health/c76ea91e-0f13-44ba-bc5b-53d76906615a/application
stage: page 1
why: can't truthfully answer required: Additional links *optional*
# Optimization Analyst (Eligibility Focus)
# Location
  text: Williamsburg, NY; Remote - US; Santa Monica, CA
# Employment Type
# Location Type
# Department
# Compensation
  text: $85K – $105K • Offers Equity
  <input:file no-file>
# Autofill from resume
  text: Upload your resume here to autofill key application fields.
  [button] Upload file
# Tell Us About You
  text: This is just the basics to help us understand your background and how to get in touch.
label: Name
  text: If helpful, feel free to share how to pronounce your name.
  <input:text #_systemfield_name required empty>
label: Email
  text: We’ll only use this to contact you about your application.
  <input:email #_systemfield_email required empty>
label: Resume
  text: Your resume gives us context on your experience. Feel free to include links to LinkedIn, GitHub, or anything you’re proud of.
  <input:file #_systemfield_resume required no-file>
  [button] Upload File
label: Location
  text: We ask this to understand time zone alignment, work authorization, and any role-specific location needs. Remote and hybrid expectations vary
  <input empty>
  [button] 
label: Do you currently reside in the US?
  [button] Yes
  [button] No
  <input:checkbox name=87860fa9-2221-42af-82a6-2646f1157edf question-unanswered>
label: Are you legally authorized to work in the United States without the need for employer visa sponsorship, now or
  text: This helps us understand work authorization requirements. We do not use this information to evaluate qualifications for the role.
  [button] Yes
  [button] No
  <input:checkbox name=8184cb8e-2b25-440e-a8e8-04348cf0135a question-unanswered>
label: If you live in one of our office locations, are you willing to come into the office up to three times per week
  <input:radio #74c64f37-4969-405e-b302-0c61cc0ed64d_fc0cbb00-f2ec-4000-ba8b question-unanswered>
label: Yes
  <input:radio #74c64f37-4969-405e-b302-0c61cc0ed64d_fc0cbb00-f2ec-4000-ba8b question-unanswered>
label: No
  <input:radio #74c64f37-4969-405e-b302-0c61cc0ed64d_fc0cbb00-f2ec-4000-ba8b question-unanswered>
label: Not Applicable
label: What are your salary expectations?
  text: We ask this to understand your general expectations; it’s not a commitment or final offer. Compensation is based on role scope, experience, 
  <input:text #4e67e993-88db-48c5-807a-6d19b748ea0b required empty>
label: How did you hear about us?
  text: This helps us understand how candidates find us.
  <input:checkbox #74c64f37-4969-405e-b302-0c61cc0ed64d_ba084821-02e0-458f-8b9a question-unanswered>
label: Company Website
  <input:checkbox #74c64f37-4969-405e-b302-0c61cc0ed64d_ba084821-02e0-458f-8b9a question-unanswered>
label: Event/Confernece
  <input:checkbox #74c64f37-4969-405e-b302-0c61cc0ed64d_ba084821-02e0-458f-8b9a question-unanswered>
label: Job Board
  <input:checkbox #74c64f37-4969-405e-b302-0c61cc0ed64d_ba084821-02e0-458f-8b9a question-unanswered>
label: LinkedIn
  <input:checkbox #74c64f37-4969-405e-b302-0c61cc0ed64d_ba084821-02e0-458f-8b9a question-unanswered>
label: Other
  <input:checkbox #74c64f37-4969-405e-b302-0c61cc0ed64d_ba084821-02e0-458f-8b9a question-unanswered>
label: Recruiter
  <input:checkbox #74c64f37-4969-405e-b302-0c61cc0ed64d_ba084821-02e0-458f-8b9a question-unanswered>
label: Referral
label: LinkedIn Profile *preferred*
  <input:url #6dbfd2f2-e799-44c3-93d0-c6461c17ca3a empty>
label: Additional links *optional*
  text: Feel free to share a portfolio, GitHub, or anything else that helps tell your story.
  <input:url #c352652b-b315-480f-bb96-e6947c321256 empty>
# Diversity Survey
  text: This optional survey helps us evaluate our diversity and inclusion efforts. Participation is voluntary and refusal to submit the survey will
label: What is your current age?
  <input:radio #ba4b96d4-dc2f-4cb3-ba02-1fa7c16df21c_cf0f1bc7-7ce6-4eb3-aebc question-unanswered>
label: Under 30
  <input:radio #ba4b96d4-dc2f-4cb3-ba02-1fa7c16df21c_cf0f1bc7-7ce6-4eb3-aebc question-unanswered>
label: 30-39
  <input:radio #ba4b96d4-dc2f-4cb3-ba02-1fa7c16df21c_cf0f1bc7-7ce6-4eb3-aebc question-unanswered>
label: 40-49
  <input:radio #ba4b96d4-dc2f-4cb3-ba02-1fa7c16df21c_cf0f1bc7-7ce6-4eb3-aebc question-unanswered>
label: 50-59
  <input:radio #ba4b96d4-dc2f-4cb3-ba02-1fa7c16df21c_cf0f1bc7-7ce6-4eb3-aebc question-unanswered>
label: 60 or older
  <input:radio #ba4b96d4-dc2f-4cb3-ba02-1fa7c16df21c_cf0f1bc7-7ce6-4eb3-aebc question-unanswered>
label: I prefer not to answer
label: What is your gender identity?
  <input:radio #ba4b96d4-dc2f-4cb3-ba02-1fa7c16df21c_8d7dcc65-3a0b-476a-b679 question-unanswered>
label: Man
  <input:radio #ba4b96d4-dc2f-4cb3-ba02-1fa7c16df21c_8d7dcc65-3a0b-476a-b679 question-unanswered>
label: Woman
  <input:radio #ba4b96d4-dc2f-4cb3-ba02-1fa7c16df21c_8d7dcc65-3a0b-476a-b679 question-unanswered>
label: Non-Binary
  <input:radio #ba4b96d4-dc2f-4cb3-ba02-1fa7c16df21c_8d7dcc65-3a0b-476a-b679 question-unanswered>
label: Another Gender Identity
  <input:radio #ba4b96d4-dc2f-4cb3-ba02-1fa7c16df21c_8d7dcc65-3a0b-476a-b679 question-unanswered>
label: Do you identify as transgender?
  <input:radio #ba4b96d4-dc2f-4cb3-ba02-1fa7c16df21c_0a90dc7e-908c-449f-9151 question-unanswered>
  <input:radio #ba4b96d4-dc2f-4cb3-ba02-1fa7c16df21c_0a90dc7e-908c-449f-9151 question-unanswered>
  <input:radio #ba4b96d4-dc2f-4cb3-ba02-1fa7c16df21c_0a90dc7e-908c-449f-9151 question-unanswered>
label: How do you identify your sexual orientation? Please select all that apply.
  <input:checkbox #ba4b96d4-dc2f-4cb3-ba02-1fa7c16df21c_a63b6f87-d090-40f0-a462 question-unanswered>
label: Bisexual
  <input:checkbox #ba4b96d4-dc2f-4cb3-ba02-1fa7c16df21c_a63b6f87-d090-40f0-a462 question-unanswered>
label: Lesbian
  <input:checkbox #ba4b96d4-dc2f-4cb3-ba02-1fa7c16df21c_a63b6f87-d090-40f0-a462 question-unanswered>
label: Gay
  <input:checkbox #ba4b96d4-dc2f-4cb3-ba02-1fa7c16df21c_a63b6f87-d090-40f0-a462 question-unanswered>
label: Queer
  <input:checkbox #ba4b96d4-dc2f-4cb3-ba02-1fa7c16df21c_a63b6f87-d090-40f0-a462 question-unanswered>
label: Heterosexual / straight
  <input:checkbox #ba4b96d4-dc2f-4cb3-ba02-1fa7c16df21c_a63b6f87-d090-40f0-a462 question-unanswered>
  <input:checkbox #ba4b96d4-dc2f-4cb3-ba02-1fa7c16df21c_a63b6f87-d090-40f0-a462 question-unanswered>
label: Which ethnicity(ies) do you identify with? Please select all that apply.
  <input:checkbox #ba4b96d4-dc2f-4cb3-ba02-1fa7c16df21c_1e21d43f-548e-481a-aa5f question-unanswered>
label: Asian or Asian American
  <input:checkbox #ba4b96d4-dc2f-4cb3-ba02-1fa7c16df21c_1e21d43f-548e-481a-aa5f question-unanswered>
label: Black or African American
  <input:checkbox #ba4b96d4-dc2f-4cb3-ba02-1fa7c16df21c_1e21d43f-548e-481a-aa5f question-unanswered>
label: Hispanic or Latine
  <input:checkbox #ba4b96d4-dc2f-4cb3-ba02-1fa7c16df21c_1e21d43f-548e-481a-aa5f question-unanswered>
label: Indigenous or Native American
  <input:checkbox #ba4b96d4-dc2f-4cb3-ba02-1fa7c16df21c_1e21d43f-548e-481a-aa5f question-unanswered>
label: Native 

=== 2026-10-07 12:44:32  skipped  Multi Asset Analyst @ pinebridge
url: https://pinebridge.wd5.myworkdayjobs.com/pinebridge_campus_site/job/New-York/Multi-Asset-Analyst_R-02099/apply/applyManually
stage: Application Questions
why: can't truthfully answer required: Declaration of politically exposed person ("PEP") status To ; I acknowledge that, if extending an offer, PineBridge may sh; Are you a citizen of the country where this job is located?*; Have you applied to any position(s) at PineBridge in the las
  [link] Skip to main content {accessibilitySkipToMainContent}
# PineBridge Investments
  [button] Sign In {utilityButtonSignIn}
  [button] Search for Jobs {navigationItem-Search for Jobs}
{applyFlowPage}
  [button] Back to Job Posting {backToJobPosting}
# Multi Asset Analyst
label: completed step 1 of 5
label: My Information
label: completed step 2 of 5
label: My Experience
{progressBarActiveStep} current step 3 of 5 Application Questions
label: current step 3 of 5
label: Application Questions
label: step 4 of 5
label: Voluntary Disclosures
label: step 5 of 5
label: Review
# Application Questions
{applyFlowPrimaryQuestionsPage}
 {formField-98314caf892c100134d3bdd3acaa0001}
label: Are you a citizen of the country where this job is located?*
  [dropdown] nothing chosen #primaryQuestionnaire--98314caf892c100134d3bdd3acaa0001
 {formField-98314caf892c100134d3be6d2b950003}
label: Have you applied to any position(s) at PineBridge in the last six months?*
  [dropdown] nothing chosen #primaryQuestionnaire--98314caf892c100134d3be6d2b950003
 {formField-98314caf892c100134d3be6d2b950006}
label: Have you or a family member ever been employed by PineBridge?*
  [dropdown] nothing chosen #primaryQuestionnaire--98314caf892c100134d3be6d2b950006
 {formField-98314caf892c100134d3be6d2b95000a}
label: Have you ever been employed by a government agency or public pension plan?*
  [dropdown] nothing chosen #primaryQuestionnaire--98314caf892c100134d3be6d2b95000a
 {formField-98314caf892c100134d3bf06a96a0003}
label: Are you subject to any restrictive covenant, such as a non-compete or a non-solicitation, with current or form
  [dropdown] nothing chosen #primaryQuestionnaire--98314caf892c100134d3bf06a96a0003
 {formField-98314caf892c100134d3bf06a96a0006}
label: Branch of Military Service - include dates, rank, and specialty.
  <textarea #primaryQuestionnaire--98314caf892c100134d3bf06a96a0006 empty>
 {formField-98314caf892c100134d3bf06a96a0007}
label: Please list any professional licenses below including: Name of Institute, e.g. CFA Institute Qualification Att
  text: Please list any professional licenses below including:
  text: Name of Institute, e.g. CFA Institute
  text: Qualification Attained, e.g. chartered holder
  <textarea #primaryQuestionnaire--98314caf892c100134d3bf06a96a0007 empty>
 {formField-98314caf892c100134d3bf06a96a0008}
label: Have you ever been disciplined or fined by any regulatory body or stock exchange?*
  [dropdown] nothing chosen #primaryQuestionnaire--98314caf892c100134d3bf06a96a0008
 {formField-98314caf892c100134d3bfa03fa40003}
label: I am NOT an employee, consultant, board member, partner, officer, director, owner, proprietor, or trustee of a
  text: current value is MM/DD/YYYY
  <input #primaryQuestionnaire--98314caf892c100134d3bfa03fa40003-dateS {dateSectionMonth-input} empty>
  <input #primaryQuestionnaire--98314caf892c100134d3bfa03fa40003-dateS {dateSectionDay-input} empty>
  <input #primaryQuestionnaire--98314caf892c100134d3bfa03fa40003-dateS {dateSectionYear-input} empty>
  [button]  {dateIcon}
 {formField-98314caf892c100134d3bfa03fa40004}
label: Have you, in the past two (2) years: 1. Made (or solicited others to make) any political contributions (includ
  [dropdown] nothing chosen #primaryQuestionnaire--98314caf892c100134d3bfa03fa40004
 {formField-98314caf892c100134d3bfa03fa40005}
label: Have you, in the past two (2) years: 2. Compensated (or coordinated or solicited) any third party (such as a p
  [dropdown] nothing chosen #primaryQuestionnaire--98314caf892c100134d3bfa03fa40005
 {formField-98314caf892c100134d3bfa03fa40006}
label: Declaration of politically exposed person ("PEP") status To the best of my knowledge, I or any of my relatives
  text: Declaration of politically exposed person ("PEP") status
  text: To the best of my knowledge, I or any of my relatives (including father, mother, husband, wife, domestic partner, son, daughter, brother, si
  text: “high-ranking” senior persons
  <textarea #primaryQuestionnaire--98314caf892c100134d3bfa03fa40006 required empty>
 {formField-98314caf892c100134d3bfa03fa40007}
label: I acknowledge that, if extending an offer, PineBridge may share information such as my first and last name, ph
  <input #primaryQuestionnaire--98314caf892c100134d3bfa03fa40007-dateS {dateSectionMonth-input} empty>
  <input #primaryQuestionnaire--98314caf892c100134d3bfa03fa40007-dateS {dateSectionDay-input} empty>
  <input #primaryQuestionnaire--98314caf892c100134d3bfa03fa40007-dateS {dateSectionYear-input} empty>
  [button]  {dateIcon}
  [button] Back {pageFooterBackButton}
  [button] Next {pageFooterNextButton}
  text: © 2026 Workday, Inc. All rights reserved.

=== 2026-10-07 12:45:58  skipped  Investment Associate @ ntrs
url: https://ntrs.wd1.myworkdayjobs.com/northerntrust/job/New-York-NY/Sr-Investment-Associate_R159407/apply/applyManually
stage: Application Questions 1 of 2
why: can't truthfully answer required: Have you ever been an employee of either Northern Trust or a
  [link] Skip to main content {accessibilitySkipToMainContent}
  [link]  {logoLink}
# NT Careers
  [button] English #languageSelectorButton {utilityMenuButton}
  [button] Settings #settingsSelectorButton {utilityMenuButton}
  [button] <email> {utilityMenuButton} opens-true
  [button] northerntrust.com {navigationItem-northerntrust.com}
  [button] Search for Jobs {navigationItem-Search for Jobs}
  [button] Candidate Home {navigationItem-Candidate Home}
  [button] Job Alerts {navigationItem-Job Alerts}
{applyFlowPage}
  [button] Back to Job Posting {backToJobPosting}
# Investment Associate
label: completed step 1 of 7
label: My Information
label: completed step 2 of 7
label: My Experience
{progressBarActiveStep} current step 3 of 7 Application Questions 1 of 2
label: current step 3 of 7
label: Application Questions 1 of 2
label: step 4 of 7
label: Application Questions 2 of 2
label: step 5 of 7
label: Voluntary Disclosures
label: step 6 of 7
label: Self Identify
label: step 7 of 7
label: Review
# Application Questions 1 of 2
{applyFlowPrimaryQuestionsPage}
 {formField-428ebfe2440a10011f6f20db55af0000}
label: Are you 18 years of age or older? (If you are under 18 years of age, you may be required to provide a work aut
  [dropdown] nothing chosen #primaryQuestionnaire--428ebfe2440a10011f6f20db55af0000
 {formField-428ebfe2440a10011f6f21752f540002}
label: Will you now or in the future require sponsorship for employment visa status to work in the country of the pos
  [dropdown] nothing chosen #primaryQuestionnaire--428ebfe2440a10011f6f21752f540002
 {formField-46bfbce22aa210011f7be00adb5c0000}
label: Have you ever been an employee of either Northern Trust or any affiliates of Northern Trust?*
  [dropdown] nothing chosen #primaryQuestionnaire--46bfbce22aa210011f7be00adb5c0000
 {formField-428ebfe2440a10011f6f21752f540009}
label: Do you currently have a personal relationship (including marital or other committed relationship, significant 
  [dropdown] nothing chosen #primaryQuestionnaire--428ebfe2440a10011f6f21752f540009
 {formField-428ebfe2440a10011f6f220f2e6f0003}
label: Are you under any agreement/obligation with your current or prior employer which restricts your ability to wor
  [dropdown] nothing chosen #primaryQuestionnaire--428ebfe2440a10011f6f220f2e6f0003
 {formField-428ebfe2440a10011f6f220f2e6f0007}
label: Are you currently or have you been in the last five years serving as a government official, either domestic or
  [dropdown] nothing chosen #primaryQuestionnaire--428ebfe2440a10011f6f220f2e6f0007
 {formField-428ebfe2440a10011f6f22a96ce60002}
label: Are you related to a government official, either domestic or foreign?*
  [dropdown] nothing chosen #primaryQuestionnaire--428ebfe2440a10011f6f22a96ce60002
  [button] Back {pageFooterBackButton}
  [button] Save and Continue {pageFooterNextButton}
# Follow Us
  [link]  {socialIcon}
  [link]  {socialIcon}
  [link]  {socialIcon}
  [link]  {socialIcon}
  [link] Candidate Privacy Notice {privacyLink}
  text: © 2026 Workday, Inc. All rights reserved.

=== 2026-10-07 12:46:36  skipped  Trade Compliance Engineer and Analyst @ arrow
url: https://arrow.wd1.myworkdayjobs.com/AC/job/US-CO-Denver-Colorado-Panorama-Arrow-Building/Trade-Compliance-Engineer-and-Analyst_R245234/apply/applyManually
stage: Application Questions
why: can't truthfully answer required: Related could fall under the following: spouse, domestic par; How would you like to be communicated with information relat
  [link] Skip to main content {accessibilitySkipToMainContent}
  [link]  {logoLink}
  [button] English #languageSelectorButton {utilityMenuButton}
  [button] Settings #settingsSelectorButton {utilityMenuButton}
  [button] <email> {utilityMenuButton} opens-true
  [button] Search for Jobs {navigationItem-Search for Jobs}
  [button] Candidate Home {navigationItem-Candidate Home}
  [button] Job Alerts {navigationItem-Job Alerts}
{applyFlowPage}
  [button] Back to Job Posting {backToJobPosting}
# Trade Compliance Engineer and Analyst
label: completed step 1 of 6
label: My Information
label: completed step 2 of 6
label: My Experience
{progressBarActiveStep} current step 3 of 6 Application Questions
label: current step 3 of 6
label: Application Questions
label: step 4 of 6
label: Voluntary Disclosures
label: step 5 of 6
label: Self Identify
label: step 6 of 6
label: Review
# Application Questions
{applyFlowPrimaryQuestionsPage}
 {formField-22cae7a560b51000ce50689b2e7e0001}
label: Have you previously applied for employment with Arrow Electronics?*
  [dropdown] nothing chosen #primaryQuestionnaire--22cae7a560b51000ce50689b2e7e0001
 {formField-22cae7a560b51000ce50693531c80002}
label: Are you legally permitted to work within the country you are applying?*
  [dropdown] nothing chosen #primaryQuestionnaire--22cae7a560b51000ce50693531c80002
 {formField-22cae7a560b51000ce50693531c80005}
label: Will you now or in the future require sponsorship from Arrow for employment visa status? (e.g. H-1B visa statu
  [dropdown] nothing chosen #primaryQuestionnaire--22cae7a560b51000ce50693531c80005
 {formField-22cae7a560b51000ce5069cffa5d0001}
label: Are you related to, or the Partner of, anyone that is currently working at Arrow or a subsidiary of Arrow?*
  [dropdown] nothing chosen #primaryQuestionnaire--22cae7a560b51000ce5069cffa5d0001
 {formField-22cae7a560b51000ce5069cffa5d0004}
label: Related could fall under the following: spouse, domestic partner, parent, child, grandparent, grandchild, brot
  <textarea #primaryQuestionnaire--22cae7a560b51000ce5069cffa5d0004 required empty>
 {formField-22cae7a560b51000ce5069cffa5d0005}
label: Do you have an agreement or contract such as, but not limited to, a non-competition agreement with another emp
  [dropdown] nothing chosen #primaryQuestionnaire--22cae7a560b51000ce5069cffa5d0005
 {formField-22cae7a560b51000ce5069cffa5d0008}
label: If yes, please describe:
  <textarea #primaryQuestionnaire--22cae7a560b51000ce5069cffa5d0008 empty>
 {formField-22cae7a560b51000ce5069cffa5d0009}
label: Have you ever worked for Arrow or one of its subsidiaries in any capacity, including a regular or temporary em
  [dropdown] nothing chosen #primaryQuestionnaire--22cae7a560b51000ce5069cffa5d0009
 {formField-22cae7a560b51000ce506a69fbea0003}
label: If so, please provide dates and last manager’s name:
  <textarea #primaryQuestionnaire--22cae7a560b51000ce506a69fbea0003 empty>
 {formField-22cae7a560b51000ce506a69fbea0004}
label: Are you willing to relocate?
  [dropdown] nothing chosen #primaryQuestionnaire--22cae7a560b51000ce506a69fbea0004
 {formField-22cae7a560b51000ce506b042da80000}
label: Do you hold any certifications that are required or related to the position that you are applying? Please list
  <textarea #primaryQuestionnaire--22cae7a560b51000ce506b042da80000 empty>
 {formField-22cae7a560b51000ce506b042da80001}
label: How would you like to be communicated with information related to your application?*
  [dropdown] nothing chosen #primaryQuestionnaire--22cae7a560b51000ce506b042da80001
  [button] Back {pageFooterBackButton}
  [button] Save and Continue {pageFooterNextButton}
  text: © 2026 Workday, Inc. All rights reserved.

=== 2026-10-07 12:47:09  skipped  Assistant Property Manager @ colliers
url: https://colliers.wd3.myworkdayjobs.com/colliers-external-career-site/job/Los-Angeles-California-United-States-of-America/Assistant-Property-Manager_JR18599/apply/applyManually
stage: Application Questions
why: can't truthfully answer required: Yes; No
  [link] Skip to main content {accessibilitySkipToMainContent}
  [link]  {logoLink}
# Colliers Careers
  [button] English #languageSelectorButton {utilityMenuButton}
  [button] Sign In {utilityButtonSignIn}
  [button] Search for Jobs {navigationItem-Search for Jobs}
{applyFlowPage}
  [button] Back to Job Posting {backToJobPosting}
# Assistant Property Manager
label: completed step 1 of 6
label: My Information
label: completed step 2 of 6
label: My Experience
{progressBarActiveStep} current step 3 of 6 Application Questions
label: current step 3 of 6
label: Application Questions
label: step 4 of 6
label: Voluntary Disclosures
label: step 5 of 6
label: Self Identify
label: step 6 of 6
label: Review
# Application Questions
{applyFlowPrimaryQuestionsPage}
 {formField-64bb409478331001073e776913ef0001}
label: What are your salary expectations for this role?*
  <textarea #primaryQuestionnaire--64bb409478331001073e776913ef0001 required empty>
 {formField-64bb4094783310010745a49322ef0000}
label: Are you legally authorized to work in United States for any employer?*
  [dropdown] nothing chosen #primaryQuestionnaire--64bb4094783310010745a49322ef0000
 {formField-64bb409478331001073e7802ed6d0002}
label: Will you now or will you in the future require employment visa sponsorship?*
  <input:checkbox #dcf36dee8e101001f6c0eb8102940000-64bb409478331001073e7802ed6 required question-unanswered>
label: Yes
  <input:checkbox #dcf36dee8e101001f6c0ec1ad1130001-64bb409478331001073e7802ed6 required question-unanswered>
label: No
 {formField-64bb409478331001073e7802ed6d0005}
label: How many years of experience do you have in a similar role?*
  [dropdown] nothing chosen #primaryQuestionnaire--64bb409478331001073e7802ed6d0005
  [button] Back {pageFooterBackButton}
  [button] Next {pageFooterNextButton}
# Follow Us
  [link]  {socialIcon}
  [link]  {socialIcon}
  [link]  {socialIcon}
  [link]  {socialIcon}
  [link]  {socialIcon}
  text: © 2026 Workday, Inc. All rights reserved.

=== 2026-10-07 12:52:53  skipped  BlackRock Investment Institute, AI Solutions, Research Associate @ blackrock
url: https://blackrock.wd1.myworkdayjobs.com/BlackRock_Professional/job/New-York-NY/BlackRock-Investment-Institute--AI-Solutions--Research-Associate_R265120/apply/applyManually
stage: Application Questions
why: can't truthfully answer required: Will you need to obtain, renew, extend or transfer a visa or
  [link] Skip to main content {accessibilitySkipToMainContent}
  [link]  {logoLink}
  [button] Settings #settingsSelectorButton {utilityMenuButton}
  [button] <email> {utilityMenuButton} opens-true
  [button] Search for Jobs {navigationItem-Search for Jobs}
  [button] Candidate Home {navigationItem-Candidate Home}
{applyFlowPage}
  [button] Back to Job Posting {backToJobPosting}
# BlackRock Investment Institute, AI Solutions, Research Associate
label: completed step 1 of 5
label: My Information
label: completed step 2 of 5
label: My Experience
{progressBarActiveStep} current step 3 of 5 Application Questions
label: current step 3 of 5
label: Application Questions
label: step 4 of 5
label: Voluntary Disclosures
label: step 5 of 5
label: Review
# Application Questions
{applyFlowPrimaryQuestionsPage}
  text: For permanent roles based in Switzerland, please note that EU/EEA Citizens must be in possession of a Swiss Residence Permit, or confirmatio
  text: For roles based in the US, this includes securing documentation to support the following visa categories F-1 OPT/STEM OPT/CPT, J-1, TN or I-
 {formField-aa50d29c4e951001fa22c5859fcc0001}
label: Prior to hire date, BlackRock will conduct a verification check to validate employees have legal authorization
  [dropdown] nothing chosen #primaryQuestionnaire--aa50d29c4e951001fa22c5859fcc0001
 {formField-aa50d29c4e951001fa22c62023450003}
label: Will you need to obtain, renew, extend or transfer a visa or work permit in order to commence work/maintain le
  [dropdown] nothing chosen #primaryQuestionnaire--aa50d29c4e951001fa22c62023450003
 {formField-aa50d29c4e951001fa22c6ba3a9e0003}
label: Do you have a Personal Relationship* with a current BlackRock employee or contingent worker? *A Personal Relat
  [dropdown] nothing chosen #primaryQuestionnaire--aa50d29c4e951001fa22c6ba3a9e0003
  [button] Back {pageFooterBackButton}
  [button] Save and Continue {pageFooterNextButton}
# Follow Us
  [link]  {socialIcon}
  [link]  {socialIcon}
  [link]  {socialIcon}
  [link]  {socialIcon}
  text: © 2026 Workday, Inc. All rights reserved.

=== 2026-10-07 12:54:08  skipped  Event Coordinator @ rb
url: https://rb.wd5.myworkdayjobs.com/frs/job/Denver-CO/Event-Coordinator_R-0000033418-1/apply/applyManually
stage: Application Questions 2 of 2
why: can't truthfully answer required: What type of visa do you hold?*; If you are related by blood, marriage, or adoption to; engag; Please provide any alternate names used during previous empl; Denver, CO; Kansas City, MO; Oklahoma City, OK; Omaha, NE; I am one of the following:*; If you are not a U.S. citizen, U.S. national, permanent resi; Do you, your spouse or a dependent child have an ownership 
  [link] Skip to main content {accessibilitySkipToMainContent}
  [link]  {logoLink}
# Federal Reserve System Careers
  [button] Settings #settingsSelectorButton {utilityMenuButton}
  [button] <email> {utilityMenuButton} opens-true
  [button] Search for Jobs {navigationItem-Search for Jobs}
  [button] Candidate Home {navigationItem-Candidate Home}
  [button] Job Alerts {navigationItem-Job Alerts}
{applyFlowPage}
  [button] Back to Job Posting {backToJobPosting}
# Event Coordinator
label: completed step 1 of 6
label: My Information
label: completed step 2 of 6
label: My Experience
label: completed step 3 of 6
label: Application Questions 1 of 2
{progressBarActiveStep} current step 4 of 6 Application Questions 2 of 2
label: current step 4 of 6
label: Application Questions 2 of 2
label: step 5 of 6
label: Voluntary Disclosures
label: step 6 of 6
label: Review
# Application Questions 2 of 2
{applyFlowSupplementaryQuestionsPage}
  text: Please complete the questions below.
 {formField-59fb3cc0d63a1001039e82386e510001}
label: I am one of the following:*
  [dropdown] nothing chosen #supplementaryQuestionnaire--59fb3cc0d63a1001039e82386e510001
 {formField-59fb3cc0d63a1001039e836d6b2d0002}
label: What type of visa do you hold?*
  <textarea #supplementaryQuestionnaire--59fb3cc0d63a1001039e836d6b2d0002 required empty>
 {formField-59fb3cc0d63a1001039e836d6b2d0003}
label: Are you currently eligible to work in the US?*
  [dropdown] nothing chosen #supplementaryQuestionnaire--59fb3cc0d63a1001039e836d6b2d0003
 {formField-59fb3cc0d63a1001039e836d6b2d0006}
label: Do you now, or in the future, require sponsorship (e.g., H-1B) to continue working in the US?*
  [dropdown] nothing chosen #supplementaryQuestionnaire--59fb3cc0d63a1001039e836d6b2d0006
 {formField-59fb3cc0d63a1001039e840799b00001}
label: If you are not a U.S. citizen, U.S. national, permanent resident or a protected individual under the INA, are 
  [dropdown] nothing chosen #supplementaryQuestionnaire--59fb3cc0d63a1001039e840799b00001
 {formField-59fb3cc0d63a1001039e840799b00005}
label: Please list ALL countries of citizenship:*
  <textarea #supplementaryQuestionnaire--59fb3cc0d63a1001039e840799b00005 required empty>
 {formField-59fb3cc0d63a1001039e840799b00006}
label: If you are related by blood, marriage, or adoption to; engaged to be married to; dating and living with; or in
  <textarea #supplementaryQuestionnaire--59fb3cc0d63a1001039e840799b00006 required empty>
 {formField-59fb3cc0d63a1001039e84a194b90000}
label: What are your base salary expectations for this position (please provide a range)?*
  <textarea #supplementaryQuestionnaire--59fb3cc0d63a1001039e84a194b90000 required empty>
 {formField-59fb3cc0d63a1001039e84a194b90001}
label: Do you, your spouse or a dependent child have an ownership interest (such as stock) in a financial institution
  [dropdown] nothing chosen #supplementaryQuestionnaire--59fb3cc0d63a1001039e84a194b90001
 {formField-59fb3cc0d63a1001039e84a194b90004}
label: Please provide any alternate names used during previous employment or as a student.*
  <textarea #supplementaryQuestionnaire--59fb3cc0d63a1001039e84a194b90004 required empty>
 {formField-59fb3cc0d63a1001039e84a194b90005}
label: This position requires working on-site at a Bank location unless otherwise noted on the job posting. Please sp
  <input:checkbox #35fe6ee0250d1000cb0523a9428f0003-59fb3cc0d63a1001039e84a194b required question-unanswered>
label: Denver, CO
  <input:checkbox #35fe6ee0250d1000cb0524432c410000-59fb3cc0d63a1001039e84a194b required question-unanswered>
label: Kansas City, MO
  <input:checkbox #35fe6ee0250d1000cb0524432c410001-59fb3cc0d63a1001039e84a194b required question-unanswered>
label: Oklahoma City, OK
  <input:checkbox #35fe6ee0250d1000cb0524432c410002-59fb3cc0d63a1001039e84a194b required question-unanswered>
label: Omaha, NE
  [button] Back {pageFooterBackButton}
  [button] Save and Continue {pageFooterNextButton}
  text: © 2026 Workday, Inc. All rights reserved.

=== 2026-10-07 12:55:53  skipped  Customer Project Specialist @ graybar
url: https://graybar.wd1.myworkdayjobs.com/careers/job/Denver-CO/Customer-Project-Specialist_R263843-1/apply/applyManually
stage: Application Questions
why: can't truthfully answer required: Enter Amount*; Please indicate your requested pay for the position for whic
  [link] Skip to main content {accessibilitySkipToMainContent}
  [link]  {logoLink}
  [button] Settings #settingsSelectorButton {utilityMenuButton}
  [button] <email> {utilityMenuButton} opens-true
  [button] Careers {navigationItem-Careers}
  [button] Search for Jobs {navigationItem-Search for Jobs}
  [button] Candidate Home {navigationItem-Candidate Home}
  [button] Job Alerts {navigationItem-Job Alerts}
{applyFlowPage}
  [button] Back to Job Posting {backToJobPosting}
# Customer Project Specialist
label: completed step 1 of 5
label: My Information
label: completed step 2 of 5
label: My Experience
{progressBarActiveStep} current step 3 of 5 Application Questions
label: current step 3 of 5
label: Application Questions
label: step 4 of 5
label: Voluntary Disclosures
label: step 5 of 5
label: Review
# Application Questions
{applyFlowPrimaryQuestionsPage}
 {formField-0e269fc5e058100115413f16723a0001}
label: Are you legally eligible to work in the country to which you are applying?*
  [dropdown] nothing chosen #primaryQuestionnaire--0e269fc5e058100115413f16723a0001
 {formField-0e269fc5e058100115413fb0abb20002}
label: Will you now, or in the future, require visa sponsorship for employment?*
  [dropdown] nothing chosen #primaryQuestionnaire--0e269fc5e058100115413fb0abb20002
 {formField-0e269fc5e058100115413fb0abb20005}
label: Please indicate your requested pay for the position for which you are applying.*
  [dropdown] nothing chosen #primaryQuestionnaire--0e269fc5e058100115413fb0abb20005
 {formField-0e269fc5e0581001155e0580c23b0000}
label: Enter Amount*
  <input:text #primaryQuestionnaire--0e269fc5e0581001155e0580c23b0000 required empty>
  [button] Back {pageFooterBackButton}
  [button] Save and Continue {pageFooterNextButton}
# Follow Us
  [link]  {socialIcon}
  [link]  {socialIcon}
  [link]  {socialIcon}
  [link]  {socialIcon}
  text: © 2026 Workday, Inc. All rights reserved.

=== 2026-10-07 12:56:46  unconfirmed  Agent Training Program - 2027 @ united-talent-agency
url: https://jobs.ashbyhq.com/united-talent-agency/b0abfcee-71bf-4e82-82b4-1bf0f7c0892c/application
stage: page 1
why: no confirmation after submit; page errors: ["We couldn't submit your application\n\nYour application submission was flagged as "]; server said: POST https://91e793886fc124c98206f7dd50f77046.seondnsresolve.com/ -> 200; POST https://www.recaptcha.net/recaptcha/api2/clr -> 200; POST https://jobs.ashbyhq.com/api/non-user-graphql -> 200; page ends: 'till blocked? Wait a few minutes and retry. As a last
# Agent Training Program - 2027
# Location
  text: Los Angeles, CA; New York, NY
# Employment Type
# Location Type
# Department
! We couldn't submit your application Your application submission was flagged as possible spam. If you believe this was a mistake, please submit your application again.
# Try these steps
  text: Legitimate applications are occasionally flagged by mistake. Try these in order:
  text: Turn off your VPN or proxy
  text: Use your regular network connection instead.
  text: Temporarily pause ad blockers and privacy tools.
  text: Try another browser or device
  text: Make sure the browser is up to date.
  text: Mobile data often works better than public Wi-Fi.
  text: Wait a few minutes and retry. As a last resort, enable JavaScript if it’s disabled, or clear this site’s cookies and cache in your browser s

=== 2026-10-07 12:59:09  skipped  Leasing Professional - Lowry Park @ greystar
url: https://greystar.wd1.myworkdayjobs.com/External/job/Lowry-Park-Denver-CO/Leasing-Professional---Lowry-Park_R0200026/apply/applyManually
stage: Application Questions
why: can't truthfully answer required: What is your primary spoken language?*; Please provide your Birth Month and Birth Day (e.g. 11/18). ; Please provide the last four digits of your Social Security ; Are you available to work overtime if needed?*; Are you available to work weekends if needed?*; Are you available to work on-call, if needed?*
  [link] Skip to main content {accessibilitySkipToMainContent}
  [link]  {logoLink}
  [button] English #languageSelectorButton {utilityMenuButton}
  [button] Settings #settingsSelectorButton {utilityMenuButton}
  [button] <email> {utilityMenuButton} opens-true
  [button] Careers Home {navigationItem-Careers Home}
  [button] Candidate Home {navigationItem-Candidate Home}
  [button] Job Alerts {navigationItem-Job Alerts}
{applyFlowPage}
  [button] Back to Job Posting {backToJobPosting}
# Leasing Professional - Lowry Park
label: completed step 1 of 6
label: My Information
label: completed step 2 of 6
label: My Experience
{progressBarActiveStep} current step 3 of 6 Application Questions
label: current step 3 of 6
label: Application Questions
label: step 4 of 6
label: Voluntary Disclosures
label: step 5 of 6
label: Self Identify
label: step 6 of 6
label: Review
# Application Questions
{applyFlowPrimaryQuestionsPage}
 {formField-f35f0aebbd0f100970576ab9f21a0000}
label: Are you currently employed by Greystar?*
  [dropdown] nothing chosen #primaryQuestionnaire--f35f0aebbd0f100970576ab9f21a0000
 {formField-f35f0aebbd0f100970576ab9f21a0003}
label: Are you a Former Greystar Team Member?*
  [dropdown] nothing chosen #primaryQuestionnaire--f35f0aebbd0f100970576ab9f21a0003
 {formField-f35f0aebbd0f100970576ab9f21a0007}
label: Are you legally eligible to work in the country to which you are applying?*
  [dropdown] nothing chosen #primaryQuestionnaire--f35f0aebbd0f100970576ab9f21a0007
 {formField-f35f0aebbd0f100970576b5393f10002}
label: Will you now or in the future require sponsorship by Greystar in order for us to employ (or continue to employ
  [dropdown] nothing chosen #primaryQuestionnaire--f35f0aebbd0f100970576b5393f10002
 {formField-f35f0aebbd0f100970576b5393f10006}
label: Do you meet the minimum requirements for the job, as outlined in the Job Description?*
  [dropdown] nothing chosen #primaryQuestionnaire--f35f0aebbd0f100970576b5393f10006
 {formField-f35f0aebbd0f100970576b5393f10009}
label: Are you able to perform all essential functions of the position you are applying to with or without reasonable
  [dropdown] nothing chosen #primaryQuestionnaire--f35f0aebbd0f100970576b5393f10009
 {formField-f35f0aebbd0f100970576bed2afa0001}
label: If hired, will you be at least 18 years old when you start work with Greystar?*
  [dropdown] nothing chosen #primaryQuestionnaire--f35f0aebbd0f100970576bed2afa0001
 {formField-f35f0aebbd0f100970576bed2afa0004}
label: Will you have reliable transportation to get to work on time?*
  [dropdown] nothing chosen #primaryQuestionnaire--f35f0aebbd0f100970576bed2afa0004
 {formField-f35f0aebbd0f100970576bed2afa0007}
label: Are you available to work overtime if needed?*
  [dropdown] nothing chosen #primaryQuestionnaire--f35f0aebbd0f100970576bed2afa0007
 {formField-f35f0aebbd0f100970576c86ec220000}
label: Are you available to work weekends if needed?*
  [dropdown] nothing chosen #primaryQuestionnaire--f35f0aebbd0f100970576c86ec220000
 {formField-f35f0aebbd0f100970576c86ec220003}
label: Are you available to work on-call, if needed?*
  [dropdown] nothing chosen #primaryQuestionnaire--f35f0aebbd0f100970576c86ec220003
 {formField-f35f0aebbd0f100970576c86ec220006}
label: Are you willing to relocate?*
  [dropdown] nothing chosen #primaryQuestionnaire--f35f0aebbd0f100970576c86ec220006
 {formField-f35f0aebbd0f100970576c86ec220009}
label: Salary Expectations:*
  <textarea #primaryQuestionnaire--f35f0aebbd0f100970576c86ec220009 required empty>
 {formField-f35f0aebbd0f100970576d209a7b0000}
label: What is your primary spoken language?*
  <textarea #primaryQuestionnaire--f35f0aebbd0f100970576d209a7b0000 required empty>
 {formField-f35f0aebbd0f100970576d209a7b0001}
label: What other languages are you fluent in, if any?
  <textarea #primaryQuestionnaire--f35f0aebbd0f100970576d209a7b0001 empty>
 {formField-f35f0aebbd0f100970576d209a7b0002}
label: Please provide your Birth Month and Birth Day (e.g. 11/18). DO NOT provide the year. This information is used 
  <textarea #primaryQuestionnaire--f35f0aebbd0f100970576d209a7b0002 required empty>
 {formField-f35f0aebbd0f100970576d209a7b0003}
label: Please provide the last four digits of your Social Security Number. This information is used along with your M
  <textarea #primaryQuestionnaire--f35f0aebbd0f100970576d209a7b0003 required empty>
  [button] Back {pageFooterBackButton}
  [button] Save and Continue {pageFooterNextButton}
# Follow Us
  [link]  {socialIcon}
  [link]  {socialIcon}
  [link]  {socialIcon}
  [link]  {socialIcon}
  [link]  {socialIcon}
  [link] Privacy Policy {privacyLink}
  text: © 2026 Workday, Inc. All rights reserved.

=== 2026-10-07 13:01:19  skipped  Safety Coordinator @ clunegc
url: https://clunegc.wd12.myworkdayjobs.com/clunegc/job/New-York/Safety-Coordinator_JR101379/apply/applyManually
stage: Application Questions
why: stuck on Workday's 'Application Questions' page; Workday says: ['Error: The number entered is too large.', 'Error-What is your salary expectation? The number entered is too large.']; fields flagged: ['What is your salary expectation?']
  [link] Skip to main content {accessibilitySkipToMainContent}
  [link]  {logoLink}
  [button] Sign In {utilityButtonSignIn}
  [button] CluneHome {navigationItem-CluneHome}
  [button] Search for Jobs {navigationItem-Search for Jobs}
{applyFlowPage}
  [button] Back to Job Posting {backToJobPosting}
# Safety Coordinator
label: completed step 1 of 5
label: My Information
label: completed step 2 of 5
label: My Experience
{progressBarActiveStep} current step 3 of 5 Application Questions
label: current step 3 of 5
label: Application Questions
label: step 4 of 5
label: Voluntary Disclosures
label: step 5 of 5
label: Review
# Application Questions
# Errors Found
! Error-What is your salary expectation? The number entered is too large. {errorHeading}
{applyFlowPrimaryQuestionsPage}
 {formField-f1647ec3369b10010f7102dc6bdf0001}
label: Are you over 18 years old?*
  [dropdown] chosen #primaryQuestionnaire--f1647ec3369b10010f7102dc6bdf0001
 {formField-f1647ec3369b10010f710376190c0002}
label: Are you legally authorized to work in the United States?*
  [dropdown] chosen #primaryQuestionnaire--f1647ec3369b10010f710376190c0002
 {formField-f1647ec3369b10010f71040fbb460002}
label: Are you able to perform the essential functions of the job for which you are applying? If you have any questio
  [dropdown] chosen #primaryQuestionnaire--f1647ec3369b10010f71040fbb460002
 {formField-f1647ec3369b10010f71040fbb460006}
label: What is your salary expectation?*
  <input:text #primaryQuestionnaire--f1647ec3369b10010f71040fbb460006 required INVALID filled>
! Error: The number entered is too large. {inputAlert}
  [button] Back {pageFooterBackButton}
  [button] Next {pageFooterNextButton}
# Follow Us
  [link]  {socialIcon}
  [link]  {socialIcon}
  [link]  {socialIcon}
  [link]  {socialIcon}
  text: © 2026 Workday, Inc. All rights reserved.

=== 2026-10-07 13:02:51  skipped  Intake Coordinator @ lifestance
url: https://lifestance.wd5.myworkdayjobs.com/careers/job/USA-Remote/Intake-Coordinator_JR106086/apply/applyManually
stage: Application Questions 1 of 2
why: stuck on Workday's 'Application Questions 1 of 2' page; Workday says: ['Error: The number entered is too large.', 'Error-What are your compensation expectations for this position? The number entered is too large.']; fields flagged: ['What are your compensation expectations for this position?']
  [link] Skip to main content {accessibilitySkipToMainContent}
  [link]  {logoLink}
  [button] Settings #settingsSelectorButton {utilityMenuButton}
  [button] <email> {utilityMenuButton} opens-true
  [button] LFST Careers {navigationItem-LFST Careers}
  [button] Search for Jobs {navigationItem-Search for Jobs}
  [button] Candidate Home {navigationItem-Candidate Home}
  [button] Job Alerts {navigationItem-Job Alerts}
{applyFlowPage}
  [button] Back to Job Posting {backToJobPosting}
# Intake Coordinator
label: completed step 1 of 7
label: My Information
label: completed step 2 of 7
label: My Experience
{progressBarActiveStep} current step 3 of 7 Application Questions 1 of 2
label: current step 3 of 7
label: Application Questions 1 of 2
label: step 4 of 7
label: Application Questions 2 of 2
label: step 5 of 7
label: Voluntary Disclosures
label: step 6 of 7
label: Self Identify
label: step 7 of 7
label: Review
# Application Questions 1 of 2
# Errors Found
! Error-What are your compensation expectations for this position? The number entered is too large. {errorHeading}
{applyFlowPrimaryQuestionsPage}
  text: Please answer the following questions:
 {formField-88081cd5538d1000b8ef4745ab030000}
label: Are you legally authorized to work in the United States?*
  [dropdown] chosen #primaryQuestionnaire--88081cd5538d1000b8ef4745ab030000
 {formField-88081cd5538d1000b8ef4914ebd10000}
label: Will you now or in the future require sponsorship to work in the United States?*
  [dropdown] chosen #primaryQuestionnaire--88081cd5538d1000b8ef4914ebd10000
 {formField-88081cd5538d1000b8ef49b0733d0000}
label: This position requires employees to reside and perform work within the United States. Do you currently reside 
  [dropdown] chosen #primaryQuestionnaire--88081cd5538d1000b8ef49b0733d0000
 {formField-88081cd5538d1000b8ef49b0733d0001}
label: Are you currently or have you ever been employed by LifeStance Health? (Note: Current employees MUST apply via
  [dropdown] chosen #primaryQuestionnaire--88081cd5538d1000b8ef49b0733d0001
 {formField-88081cd5538d1000b8ef49b0733d0002}
label: What are your compensation expectations for this position?*
  <input:text #primaryQuestionnaire--88081cd5538d1000b8ef49b0733d0002 required INVALID filled>
! Error: The number entered is too large. {inputAlert}
  [button] Back {pageFooterBackButton}
  [button] Save and Continue {pageFooterNextButton}
# Follow Us
  [link]  {socialIcon}
  [link] Privacy Policy {privacyLink}
  text: © 2026 Workday, Inc. All rights reserved.

=== 2026-10-07 13:03:22  blocked  Closing Coordinator @ place
url: https://place.com/corporate-careers/
stage: page 1
why: not a real application form (0 fields, no résumé upload); page shows: 
# Explore PLACE Careers
  text: PLACE is a real estate technology and business services platform that powers agents in the top 20% of their market.
# Open Positions
<iframe https://job-boards.greenhouse.io/embed/job_app>
# Discover YOUR place with PLACE.
# PLATFORM
# FOR TEAMS
  text: Improve Real Estate Operations
  text: Scale With Business Services
# FOR AGENTS
# RESOURCES
# ABOUT PLACE
  text: © PLACE - All rights reserved.
  text: You acknowledge that PLACE is not a real estate broker, mortgage broker or mortgage lender, and PLACE does not aid or assist borrowers in ob

=== 2026-10-07 13:03:40  skipped  Proposal Coordinator @ via
url: https://job-boards.greenhouse.io/via/jobs/8844839002
stage: page 1
why: can't truthfully answer required: In a few sentences, explain what appeals to you about joinin
# Proposal Coordinator
  [button] Apply
  text: Via is on a mission to create public transportation systems that provide far greater access to jobs, healthcare, and education. Our platform
  text: Work closely with proposal managers to organize and submit compliant proposals, including completing required forms and managing proposal pr
  text: Review solicitations, amendments, and proposal instructions and track required forms, attachments, and certifications.
  text: Coordinate with Via’s Legal and Finance teams to review and address detailed regulatory, financial, and compliance requirements.
  text: Develop working knowledge of internal databases and systems in order to respond effectively to complex compliance and operational requiremen
  text: Lead and support the continuous maintenance of documentation, processes, and knowledge management systems.
  text: Drive top-of-the-funnel opportunity review processes, including facilitating go/no go recommendations, managing agenda for executive discuss
  text: Skillfully manage communications across internal teams and external partners.
  text: 2-15 years of experience in roles that require exceptional administrative competence, meticulous attention to detail, and strong project man
  text: Experience in proposal coordination, marketing coordination, bid coordination, or government contracting support is a plus.
  text: Able to work independently and effectively in a fast-paced environment while meeting strict deadlines.
  text: Meticulous and vigilant, with a keen attention to detail.
  text: Strong time management, organization, and planning skills, with the ability to effectively manage multiple competing priorities.
  text: A positive, can-do attitude.
  text: Good judgment, including a high-level of discretion and discernment for confidential and proprietary information.
  text: Reliable, dependable, and punctual.
  text: Notary public commission is a plus.
  text: Must be based in NYC and excited to work from the office 3 or more days a week.
  text: All final pay rates and levels will be determined by candidates experience, knowledge, skills, and abilities of the applicant, internal equi
  text: Salary Range: Coordinator - $65,000-$85,000 // Senior Coordinator - $85,000-$115,000.
  text: Comprehensive health coverage, with low-cost dental and vision plans.
  text: A 401(k) with company match and vesting.
  text: Fully paid parental leave for new parents, with extended leave options.
  text: Additional benefits (mental health, pet insurance, and other wellness perks).
  text: There has never been a more exciting time to be on the cutting edge of public mobility. Ready to join the ride?
  text: Via is an equal opportunity employer.
  text: Interested in building your career at Via? Get future opportunities sent straight to your email.
# Apply for this job
  text: indicates a required field
  [button] Autofill my application
label: First Name*
  <input:text #first_name required empty>
label: Last Name*
  <input:text #last_name required empty>
label: Email*
  <input:text #email required empty>
label: Phone
label: Country*
  <input:text #country required empty>
  [button] 
  <input required empty>
  <input:tel #phone required empty>
label: Location (City)*
  <input:text #candidate-location required empty>
  <input required empty>
  [button] Locate me
  [button] Attach
label: Attach
  <input:file #resume no-file>
  [button] Dropbox
  [button] Google Drive
  [button] Enter manually
label: Enter manually
  text: Accepted file types: pdf, doc, docx, txt, rtf
  [button] Attach
  <input:file #cover_letter no-file>
  [button] Dropbox
  [button] Google Drive
  [button] Enter manually
label: LinkedIn Profile*
  <input:text #question_38528581002 required empty>
label: How did you hear about this job?*
  <input:text #question_38528582002 required empty>
label: In a few sentences, explain what appeals to you about joining the Via team.*
  <textarea #question_38528583002 required empty>
label: Are you located in the greater New York City area?*
  <input:text #question_38528584002 required empty>
  [button] 
  <input required empty>
label: Will you now or in the future require visa sponsorship to work in the United States? Via supports visa sponsor
  <input:text #question_38528585002 required empty>
  [button] 
  <input required empty>
# Voluntary Self-Identification
  text: For government reporting purposes, we ask candidates to respond to the below self-identification survey. Completion of the form is entirely 
  text: As set forth in Via’s Equal Employment Opportunity policy, we do not discriminate on the basis of any protected group status under any appli
label: Gender
  <input:text #gender empty>
  [button] 
label: Are you Hispanic/Latino?
  <input:text #hispanic_ethnicity empty>
  [button] 
  text: Race & Ethnicity Definitions
  text: If you believe you belong to any of the categories of protected veterans listed below, please indicate by making the appropriate selection. 
  text: A "disabled veteran" is one of the following: a veteran of the U.S. military, ground, naval or air service who is entitled to compensation (
  text: A "recently separated veteran" means any veteran during the three-year period beginning on the date of such veteran's discharge or release f
  text: An "active duty wartime or campaign badge veteran" means a veteran who served on active duty in the U.S. military, ground, naval or air serv
  text: An "Armed forces service medal veteran" means a veteran who, while serving on active duty in the U.S. military, ground, naval or air service
label: Veteran Status
  <input:text #veteran_status empty>
  [button] 
  [button] Submit application
<iframe https://www.recaptcha.net/recaptcha/enterprise/anchor>

